segment,occcd,soctitle,empl_2021,empl_2024,occ_level,is_total_all,pct_seg_major_2021,pct_seg_detailed_2021,pct_seg_major_2024,pct_seg_detailed_2024,level_change_2021_2024,pct_change_2021_2024,ep_title,ep_type,ep_employment_2024,ep_employment_2034,ep_change_numeric,ep_change_percent,ep_openings_annual_avg,ep_median_annual_wage_2024,ep_entry_education,ep_work_experience,ep_on_the_job_training,ep_edu_grouped
1. Materials & Processing,00-0000,Total all occupations,72030.0,121620.0,major,True,,,,,49590.0,68.8463140358184,,,,,,,,,,,,
1. Materials & Processing,11-0000,Management Occupations,4640.0,5880.0,major,False,0.06444444444444444,,0.048355263157894735,,1240.0,26.724137931034477,,,,,,,,,,,,
1. Materials & Processing,13-0000,Business and Financial Operations Occupations,3300.0,3710.0,major,False,0.04583333333333333,,0.030509868421052633,,410.0,12.424242424242426,,,,,,,,,,,,
1. Materials & Processing,15-0000,Computer and Mathematical Occupations,690.0,800.0,major,False,0.009583333333333333,,0.006578947368421052,,110.0,15.94202898550725,,,,,,,,,,,,
1. Materials & Processing,17-0000,Architecture and Engineering Occupations,3750.0,5790.0,major,False,0.052083333333333336,,0.04761513157894737,,2040.0,54.400000000000006,,,,,,,,,,,,
1. Materials & Processing,19-0000,"Life, Physical, and Social Science Occupations",960.0,1090.0,major,False,0.013333333333333334,,0.008963815789473684,,130.0,13.541666666666675,,,,,,,,,,,,
1. Materials & Processing,27-0000,"Arts, Design, Entertainment, Sports, and Media Occupations",230.0,140.0,major,False,0.0031944444444444446,,0.001151315789473684,,-90.0,-39.13043478260869,,,,,,,,,,,,
1. Materials & Processing,29-0000,Healthcare Practitioners and Technical Occupations,,60.0,major,False,,,0.000493421052631579,,,,,,,,,,,,,,,
1. Materials & Processing,33-0000,Protective Service Occupations,30.0,90.0,major,False,0.0004166666666666667,,0.0007401315789473684,,60.0,200.0,,,,,,,,,,,,
1. Materials & Processing,37-0000,Building and Grounds Cleaning and Maintenance Occupations,370.0,420.0,major,False,0.005138888888888889,,0.0034539473684210525,,50.0,13.513513513513509,,,,,,,,,,,,
1. Materials & Processing,41-0000,Sales and Related Occupations,1600.0,1540.0,major,False,0.022222222222222223,,0.012664473684210526,,-60.0,-3.749999999999998,,,,,,,,,,,,
1. Materials & Processing,43-0000,Office and Administrative Support Occupations,6190.0,5970.0,major,False,0.08597222222222223,,0.04909539473684211,,-220.0,-3.5541195476575083,,,,,,,,,,,,
1. Materials & Processing,47-0000,Construction and Extraction Occupations,220.0,3180.0,major,False,0.0030555555555555557,,0.026151315789473686,,2960.0,1345.4545454545455,,,,,,,,,,,,
1. Materials & Processing,49-0000,"Installation, Maintenance, and Repair Occupations",4200.0,6310.0,major,False,0.058333333333333334,,0.05189144736842105,,2110.0,50.23809523809524,,,,,,,,,,,,
1. Materials & Processing,51-0000,Production Occupations,39640.0,80270.0,major,False,0.5505555555555556,,0.6601151315789474,,40630.0,102.49747729566097,,,,,,,,,,,,
1. Materials & Processing,53-0000,Transportation and Material Moving Occupations,6180.0,6350.0,major,False,0.08583333333333333,,0.052220394736842105,,170.0,2.7508090614886793,,,,,,,,,,,,
10. Logistics,00-0000,Total all occupations,46670.0,47470.0,major,True,,,,,800.0,1.7141632740518498,,,,,,,,,,,,
10. Logistics,11-0000,Management Occupations,1840.0,2520.0,major,False,0.03945111492281304,,0.053175775480059084,,680.0,36.956521739130444,,,,,,,,,,,,
10. Logistics,13-0000,Business and Financial Operations Occupations,540.0,2390.0,major,False,0.011578044596912522,,0.05043258071323064,,1850.0,342.59259259259255,,,,,,,,,,,,
10. Logistics,15-0000,Computer and Mathematical Occupations,,250.0,major,False,,,0.005275374551593163,,,,,,,,,,,,,,,
10. Logistics,19-0000,"Life, Physical, and Social Science Occupations",170.0,150.0,major,False,0.003644939965694683,,0.0031652247309558977,,-20.0,-11.764705882352944,,,,,,,,,,,,
10. Logistics,33-0000,Protective Service Occupations,80.0,,major,False,0.0017152658662092624,,,,,,,,,,,,,,,,,
10. Logistics,37-0000,Building and Grounds Cleaning and Maintenance Occupations,180.0,100.0,major,False,0.0038593481989708405,,0.002110149820637265,,-80.0,-44.44444444444444,,,,,,,,,,,,
10. Logistics,41-0000,Sales and Related Occupations,650.0,570.0,major,False,0.013936535162950257,,0.012027853977632412,,-80.0,-12.307692307692308,,,,,,,,,,,,
10. Logistics,43-0000,Office and Administrative Support Occupations,5190.0,4950.0,major,False,0.1112778730703259,,0.10445241612154463,,-240.0,-4.6242774566473965,,,,,,,,,,,,
10. Logistics,47-0000,Construction and Extraction Occupations,110.0,280.0,major,False,0.0023584905660377358,,0.005908419497784343,,170.0,154.54545454545453,,,,,,,,,,,,
10. Logistics,49-0000,"Installation, Maintenance, and Repair Occupations",2290.0,2530.0,major,False,0.04909948542024014,,0.05338679046212281,,240.0,10.480349344978169,,,,,,,,,,,,
10. Logistics,51-0000,Production Occupations,330.0,,major,False,0.007075471698113208,,,,,,,,,,,,,,,,,
10. Logistics,53-0000,Transportation and Material Moving Occupations,35260.0,33650.0,major,False,0.7560034305317325,,0.7100654146444397,,-1610.0,-4.566080544526374,,,,,,,,,,,,
2. Equipment Manufacturing,00-0000,Total all occupations,47880.0,48310.0,major,True,,,,,430.0,0.8980785296574867,,,,,,,,,,,,
2. Equipment Manufacturing,11-0000,Management Occupations,3530.0,3870.0,major,False,0.07374138291205348,,0.08019063406547866,,340.0,9.631728045325772,,,,,,,,,,,,
2. Equipment Manufacturing,13-0000,Business and Financial Operations Occupations,2840.0,3040.0,major,False,0.059327344892416964,,0.06299212598425197,,200.0,7.042253521126751,,,,,,,,,,,,
2. Equipment Manufacturing,15-0000,Computer and Mathematical Occupations,780.0,740.0,major,False,0.016294129935241278,,0.01533360961458765,,-40.0,-5.128205128205132,,,,,,,,,,,,
2. Equipment Manufacturing,17-0000,Architecture and Engineering Occupations,5070.0,6030.0,major,False,0.10591184457906831,,0.12494819726481558,,960.0,18.934911242603558,,,,,,,,,,,,
2. Equipment Manufacturing,19-0000,"Life, Physical, and Social Science Occupations",40.0,50.0,major,False,0.0008355964069354502,,0.0010360547036883548,,10.0,25.0,,,,,,,,,,,,
2. Equipment Manufacturing,27-0000,"Arts, Design, Entertainment, Sports, and Media Occupations",170.0,200.0,major,False,0.003551284729475663,,0.004144218814753419,,30.0,17.647058823529417,,,,,,,,,,,,
2. Equipment Manufacturing,37-0000,Building and Grounds Cleaning and Maintenance Occupations,250.0,310.0,major,False,0.005222477543346564,,0.0064235391628678,,60.0,24.0,,,,,,,,,,,,
2. Equipment Manufacturing,41-0000,Sales and Related Occupations,1840.0,1920.0,major,False,0.03843743471903071,,0.03978450062163282,,80.0,4.347826086956519,,,,,,,,,,,,
2. Equipment Manufacturing,43-0000,Office and Administrative Support Occupations,4260.0,4150.0,major,False,0.08899101733862544,,0.08599254040613344,,-110.0,-2.5821596244131495,,,,,,,,,,,,
2. Equipment Manufacturing,47-0000,Construction and Extraction Occupations,510.0,520.0,major,False,0.01065385418842699,,0.01077496891835889,,10.0,1.9607843137254832,,,,,,,,,,,,
2. Equipment Manufacturing,49-0000,"Installation, Maintenance, and Repair Occupations",1670.0,1770.0,major,False,0.03488614998955505,,0.03667633651056776,,100.0,5.988023952095811,,,,,,,,,,,,
2. Equipment Manufacturing,51-0000,Production Occupations,25590.0,24370.0,major,False,0.5345728013369543,,0.5049730625777041,,-1220.0,-4.767487299726458,,,,,,,,,,,,
2. Equipment Manufacturing,53-0000,Transportation and Material Moving Occupations,1320.0,1290.0,major,False,0.027574681428869856,,0.02673021135515955,,-30.0,-2.2727272727272707,,,,,,,,,,,,
3.Forging and foundries,00-0000,Total all occupations,15950.0,17010.0,major,True,,,,,1060.0,6.645768025078369,,,,,,,,,,,,
3.Forging and foundries,11-0000,Management Occupations,890.0,1030.0,major,False,0.055834378920953574,,0.060588235294117644,,140.0,15.73033707865168,,,,,,,,,,,,
3.Forging and foundries,13-0000,Business and Financial Operations Occupations,530.0,590.0,major,False,0.033249686323713924,,0.03470588235294118,,60.0,11.32075471698113,,,,,,,,,,,,
3.Forging and foundries,15-0000,Computer and Mathematical Occupations,160.0,160.0,major,False,0.010037641154328732,,0.009411764705882352,,0.0,0.0,,,,,,,,,,,,
3.Forging and foundries,17-0000,Architecture and Engineering Occupations,900.0,740.0,major,False,0.056461731493099125,,0.04352941176470588,,-160.0,-17.777777777777782,,,,,,,,,,,,
3.Forging and foundries,19-0000,"Life, Physical, and Social Science Occupations",70.0,70.0,major,False,0.00439146800501882,,0.00411764705882353,,0.0,0.0,,,,,,,,,,,,
3.Forging and foundries,27-0000,"Arts, Design, Entertainment, Sports, and Media Occupations",50.0,,major,False,0.003136762860727729,,,,,,,,,,,,,,,,,
3.Forging and foundries,37-0000,Building and Grounds Cleaning and Maintenance Occupations,120.0,80.0,major,False,0.0075282308657465494,,0.004705882352941176,,-40.0,-33.333333333333336,,,,,,,,,,,,
3.Forging and foundries,41-0000,Sales and Related Occupations,220.0,220.0,major,False,0.013801756587202008,,0.012941176470588235,,0.0,0.0,,,,,,,,,,,,
3.Forging and foundries,43-0000,Office and Administrative Support Occupations,1030.0,1070.0,major,False,0.06461731493099122,,0.06294117647058824,,40.0,3.8834951456310662,,,,,,,,,,,,
3.Forging and foundries,47-0000,Construction and Extraction Occupations,140.0,130.0,major,False,0.00878293601003764,,0.007647058823529412,,-10.0,-7.14285714285714,,,,,,,,,,,,
3.Forging and foundries,49-0000,"Installation, Maintenance, and Repair Occupations",940.0,1070.0,major,False,0.05897114178168131,,0.06294117647058824,,130.0,13.829787234042556,,,,,,,,,,,,
3.Forging and foundries,51-0000,Production Occupations,10100.0,10810.0,major,False,0.6336260978670013,,0.6358823529411765,,710.0,7.029702970297036,,,,,,,,,,,,
3.Forging and foundries,53-0000,Transportation and Material Moving Occupations,790.0,1030.0,major,False,0.04956085319949812,,0.060588235294117644,,240.0,30.379746835443044,,,,,,,,,,,,
4. Parts & Machining,00-0000,Total all occupations,47500.0,52670.0,major,True,,,,,5170.0,10.884210526315785,,,,,,,,,,,,
4. Parts & Machining,11-0000,Management Occupations,3560.0,3580.0,major,False,0.07499473351590479,,0.06802204066121983,,20.0,0.561797752808979,,,,,,,,,,,,
4. Parts & Machining,13-0000,Business and Financial Operations Occupations,1650.0,2390.0,major,False,0.03475879502843902,,0.045411362340870225,,740.0,44.84848484848485,,,,,,,,,,,,
4. Parts & Machining,15-0000,Computer and Mathematical Occupations,430.0,510.0,major,False,0.009058352643775016,,0.009690290708721261,,80.0,18.60465116279071,,,,,,,,,,,,
4. Parts & Machining,17-0000,Architecture and Engineering Occupations,3420.0,3360.0,major,False,0.07204550242258269,,0.06384191525745772,,-60.0,-1.7543859649122862,,,,,,,,,,,,
4. Parts & Machining,19-0000,"Life, Physical, and Social Science Occupations",,160.0,major,False,,,0.0030400912027360822,,,,,,,,,,,,,,,
4. Parts & Machining,27-0000,"Arts, Design, Entertainment, Sports, and Media Occupations",60.0,70.0,major,False,0.0012639561828523278,,0.001330039901197036,,10.0,16.666666666666675,,,,,,,,,,,,
4. Parts & Machining,37-0000,Building and Grounds Cleaning and Maintenance Occupations,270.0,180.0,major,False,0.005687802822835475,,0.003420102603078092,,-90.0,-33.333333333333336,,,,,,,,,,,,
4. Parts & Machining,41-0000,Sales and Related Occupations,1020.0,1180.0,major,False,0.021487255108489572,,0.022420672620178606,,160.0,15.686274509803933,,,,,,,,,,,,
4. Parts & Machining,43-0000,Office and Administrative Support Occupations,4220.0,4120.0,major,False,0.08889825152728038,,0.07828234847045411,,-100.0,-2.3696682464455,,,,,,,,,,,,
4. Parts & Machining,47-0000,Construction and Extraction Occupations,260.0,160.0,major,False,0.0054771434590267535,,0.0030400912027360822,,-100.0,-38.46153846153846,,,,,,,,,,,,
4. Parts & Machining,49-0000,"Installation, Maintenance, and Repair Occupations",1630.0,1900.0,major,False,0.034337476300821575,,0.036101083032490974,,270.0,16.564417177914102,,,,,,,,,,,,
4. Parts & Machining,51-0000,Production Occupations,28800.0,32440.0,major,False,0.6066989677691174,,0.6163784913547407,,3640.0,12.63888888888889,,,,,,,,,,,,
4. Parts & Machining,53-0000,Transportation and Material Moving Occupations,2150.0,2580.0,major,False,0.04529176321887508,,0.049021470644119325,,430.0,19.999999999999996,,,,,,,,,,,,
5. Component Systems,00-0000,Total all occupations,16710.0,17860.0,major,True,,,,,1150.0,6.882106523040088,,,,,,,,,,,,
5. Component Systems,11-0000,Management Occupations,1670.0,1840.0,major,False,0.09994015559545183,,0.10302351623740201,,170.0,10.179640718562876,,,,,,,,,,,,
5. Component Systems,13-0000,Business and Financial Operations Occupations,1230.0,1520.0,major,False,0.07360861759425494,,0.0851063829787234,,290.0,23.57723577235773,,,,,,,,,,,,
5. Component Systems,15-0000,Computer and Mathematical Occupations,930.0,1030.0,major,False,0.05565529622980251,,0.05767077267637178,,100.0,10.752688172043001,,,,,,,,,,,,
5. Component Systems,17-0000,Architecture and Engineering Occupations,1640.0,3220.0,major,False,0.09814482345900659,,0.18029115341545351,,1580.0,96.34146341463415,,,,,,,,,,,,
5. Component Systems,19-0000,"Life, Physical, and Social Science Occupations",180.0,110.0,major,False,0.010771992818671455,,0.006159014557670772,,-70.0,-38.888888888888886,,,,,,,,,,,,
5. Component Systems,27-0000,"Arts, Design, Entertainment, Sports, and Media Occupations",210.0,70.0,major,False,0.012567324955116697,,0.003919372900335946,,-140.0,-66.66666666666667,,,,,,,,,,,,
5. Component Systems,37-0000,Building and Grounds Cleaning and Maintenance Occupations,70.0,40.0,major,False,0.004189108318372232,,0.0022396416573348264,,-30.0,-42.85714285714286,,,,,,,,,,,,
5. Component Systems,41-0000,Sales and Related Occupations,910.0,860.0,major,False,0.054458408138839016,,0.048152295632698766,,-50.0,-5.494505494505497,,,,,,,,,,,,
5. Component Systems,43-0000,Office and Administrative Support Occupations,1730.0,1370.0,major,False,0.10353081986834231,,0.0767077267637178,,-360.0,-20.809248554913296,,,,,,,,,,,,
5. Component Systems,47-0000,Construction and Extraction Occupations,30.0,190.0,major,False,0.0017953321364452424,,0.010638297872340425,,160.0,533.3333333333333,,,,,,,,,,,,
5. Component Systems,49-0000,"Installation, Maintenance, and Repair Occupations",590.0,670.0,major,False,0.0353081986834231,,0.037513997760358346,,80.0,13.559322033898313,,,,,,,,,,,,
5. Component Systems,51-0000,Production Occupations,7070.0,6450.0,major,False,0.42309994015559543,,0.36114221724524076,,-620.0,-8.769448373408773,,,,,,,,,,,,
5. Component Systems,53-0000,Transportation and Material Moving Occupations,450.0,490.0,major,False,0.026929982046678635,,0.027435610302351622,,40.0,8.888888888888879,,,,,,,,,,,,
6. Engineering & Design,00-0000,Total all occupations,120900.0,125730.0,major,True,,,,,4830.0,3.995037220843667,,,,,,,,,,,,
6. Engineering & Design,11-0000,Management Occupations,14380.0,14870.0,major,False,0.11898063875558497,,0.11832577385215247,,490.0,3.4075104311543702,,,,,,,,,,,,
6. Engineering & Design,13-0000,Business and Financial Operations Occupations,12260.0,12260.0,major,False,0.10143968227701473,,0.0975570939762871,,0.0,0.0,,,,,,,,,,,,
6. Engineering & Design,15-0000,Computer and Mathematical Occupations,8030.0,11700.0,major,False,0.0664405096806222,,0.09310097875387921,,3670.0,45.70361145703612,,,,,,,,,,,,
6. Engineering & Design,17-0000,Architecture and Engineering Occupations,52260.0,49530.0,major,False,0.4324011252689062,,0.3941274767247553,,-2730.0,-5.223880597014929,,,,,,,,,,,,
6. Engineering & Design,19-0000,"Life, Physical, and Social Science Occupations",5590.0,5870.0,major,False,0.04625186165811683,,0.04670963634916846,,280.0,5.008944543828275,,,,,,,,,,,,
6. Engineering & Design,21-0000,Community and Social Service Occupations,50.0,70.0,major,False,0.0004137018037398643,,0.0005570144028009867,,20.0,39.99999999999999,,,,,,,,,,,,
6. Engineering & Design,23-0000,Legal Occupations,210.0,260.0,major,False,0.0017375475757074302,,0.0020689106389750935,,50.0,23.809523809523814,,,,,,,,,,,,
6. Engineering & Design,25-0000,Educational Instruction and Library Occupations,40.0,130.0,major,False,0.00033096144299189144,,0.0010344553194875468,,90.0,225.0,,,,,,,,,,,,
6. Engineering & Design,27-0000,"Arts, Design, Entertainment, Sports, and Media Occupations",4140.0,3330.0,major,False,0.03425450934966076,,0.02649797087610408,,-810.0,-19.565217391304344,,,,,,,,,,,,
6. Engineering & Design,29-0000,Healthcare Practitioners and Technical Occupations,460.0,970.0,major,False,0.0038060565944067516,,0.007718628153099387,,510.0,110.86956521739131,,,,,,,,,,,,
6. Engineering & Design,31-0000,Healthcare Support Occupations,,110.0,major,False,,,0.0008753083472586934,,,,,,,,,,,,,,,
6. Engineering & Design,33-0000,Protective Service Occupations,60.0,80.0,major,False,0.0004964421644878371,,0.0006365878889154134,,20.0,33.33333333333333,,,,,,,,,,,,
6. Engineering & Design,35-0000,Food Preparation and Serving Related Occupations,40.0,,major,False,0.00033096144299189144,,,,,,,,,,,,,,,,,
6. Engineering & Design,37-0000,Building and Grounds Cleaning and Maintenance Occupations,250.0,340.0,major,False,0.0020685090186993217,,0.0027054985278905067,,90.0,36.00000000000001,,,,,,,,,,,,
6. Engineering & Design,41-0000,Sales and Related Occupations,3020.0,3770.0,major,False,0.024987588945887804,,0.029999204265138857,,750.0,24.83443708609272,,,,,,,,,,,,
6. Engineering & Design,43-0000,Office and Administrative Support Occupations,6410.0,7280.0,major,False,0.0530365712394506,,0.05792949789130262,,870.0,13.572542901716078,,,,,,,,,,,,
6. Engineering & Design,47-0000,Construction and Extraction Occupations,1470.0,1570.0,major,False,0.012162833029952011,,0.012493037319964987,,100.0,6.802721088435382,,,,,,,,,,,,
6. Engineering & Design,49-0000,"Installation, Maintenance, and Repair Occupations",2710.0,1820.0,major,False,0.022422637762700644,,0.014482374472825655,,-890.0,-32.84132841328413,,,,,,,,,,,,
6. Engineering & Design,51-0000,Production Occupations,8020.0,10440.0,major,False,0.06635776931987424,,0.08307471950346144,,2420.0,30.17456359102244,,,,,,,,,,,,
6. Engineering & Design,53-0000,Transportation and Material Moving Occupations,1460.0,1270.0,major,False,0.012080092669204038,,0.010105832736532188,,-190.0,-13.013698630136982,,,,,,,,,,,,
7. Core Automotive,00-0000,Total all occupations,170720.0,175740.0,major,True,,,,,5020.0,2.9404873477038462,,,,,,,,,,,,
7. Core Automotive,11-0000,Management Occupations,7820.0,9050.0,major,False,0.045803315176008906,,0.05149652896324115,,1230.0,15.728900255754485,,,,,,,,,,,,
7. Core Automotive,13-0000,Business and Financial Operations Occupations,5460.0,6070.0,major,False,0.03198031980319803,,0.03453966086263799,,610.0,11.172161172161177,,,,,,,,,,,,
7. Core Automotive,15-0000,Computer and Mathematical Occupations,1750.0,2540.0,major,False,0.01025010250102501,,0.014453169454876522,,790.0,45.14285714285715,,,,,,,,,,,,
7. Core Automotive,17-0000,Architecture and Engineering Occupations,12430.0,13610.0,major,False,0.07280501376442336,,0.0774439512916809,,1180.0,9.493161705551078,,,,,,,,,,,,
7. Core Automotive,19-0000,"Life, Physical, and Social Science Occupations",270.0,370.0,major,False,0.0015814443858724301,,0.002105382952088312,,100.0,37.037037037037045,,,,,,,,,,,,
7. Core Automotive,23-0000,Legal Occupations,80.0,40.0,major,False,0.0004685761143325719,,0.00022760896779333106,,-40.0,-50.0,,,,,,,,,,,,
7. Core Automotive,27-0000,"Arts, Design, Entertainment, Sports, and Media Occupations",80.0,190.0,major,False,0.0004685761143325719,,0.0010811425970183226,,110.0,137.5,,,,,,,,,,,,
7. Core Automotive,29-0000,Healthcare Practitioners and Technical Occupations,130.0,110.0,major,False,0.0007614361857904294,,0.0006259246614316605,,-20.0,-15.384615384615385,,,,,,,,,,,,
7. Core Automotive,33-0000,Protective Service Occupations,70.0,140.0,major,False,0.0004100041000410004,,0.0007966313872766587,,70.0,100.0,,,,,,,,,,,,
7. Core Automotive,37-0000,Building and Grounds Cleaning and Maintenance Occupations,280.0,460.0,major,False,0.0016400164001640015,,0.002617503129623307,,180.0,64.28571428571428,,,,,,,,,,,,
7. Core Automotive,41-0000,Sales and Related Occupations,1370.0,1250.0,major,False,0.008024365957945295,,0.007112780243541596,,-120.0,-8.75912408759124,,,,,,,,,,,,
7. Core Automotive,43-0000,Office and Administrative Support Occupations,6150.0,5790.0,major,False,0.036021788789316465,,0.03294639808808467,,-360.0,-5.853658536585371,,,,,,,,,,,,
7. Core Automotive,47-0000,Construction and Extraction Occupations,4590.0,4490.0,major,False,0.02688455455983131,,0.02554910663480141,,-100.0,-2.178649237472763,,,,,,,,,,,,
7. Core Automotive,49-0000,"Installation, Maintenance, and Repair Occupations",8760.0,8670.0,major,False,0.051309084519416626,,0.049334243769204505,,-90.0,-1.0273972602739767,,,,,,,,,,,,
7. Core Automotive,51-0000,Production Occupations,113290.0,114300.0,major,False,0.6635623499092134,,0.6503926254694435,,1010.0,0.8915173448671654,,,,,,,,,,,,
7. Core Automotive,53-0000,Transportation and Material Moving Occupations,8200.0,8660.0,major,False,0.04802905171908862,,0.04927734152725617,,460.0,5.609756097560981,,,,,,,,,,,,
"8. Motor Vehicle Parts, Materia",00-0000,Total all occupations,103330.0,113190.0,major,True,,,,,9860.0,9.542243298170906,,,,,,,,,,,,
"8. Motor Vehicle Parts, Materia",11-0000,Management Occupations,7570.0,8460.0,major,False,0.07326042775573406,,0.07478122513922036,,890.0,11.756935270805812,,,,,,,,,,,,
"8. Motor Vehicle Parts, Materia",13-0000,Business and Financial Operations Occupations,3740.0,4920.0,major,False,0.03619471595857931,,0.04348979050649695,,1180.0,31.550802139037426,,,,,,,,,,,,
"8. Motor Vehicle Parts, Materia",15-0000,Computer and Mathematical Occupations,1340.0,1460.0,major,False,0.012968160263234298,,0.012905506938919826,,120.0,8.955223880597018,,,,,,,,,,,,
"8. Motor Vehicle Parts, Materia",17-0000,Architecture and Engineering Occupations,3200.0,5360.0,major,False,0.030968740927126683,,0.04737912136480155,,2160.0,67.5,,,,,,,,,,,,
"8. Motor Vehicle Parts, Materia",19-0000,"Life, Physical, and Social Science Occupations",50.0,90.0,major,False,0.0004838865769863544,,0.0007955449482895784,,40.0,80.0,,,,,,,,,,,,
"8. Motor Vehicle Parts, Materia",23-0000,Legal Occupations,30.0,90.0,major,False,0.0002903319461918126,,0.0007955449482895784,,60.0,200.0,,,,,,,,,,,,
"8. Motor Vehicle Parts, Materia",27-0000,"Arts, Design, Entertainment, Sports, and Media Occupations",230.0,260.0,major,False,0.00222587825413723,,0.0022982409617254484,,30.0,13.043478260869556,,,,,,,,,,,,
"8. Motor Vehicle Parts, Materia",33-0000,Protective Service Occupations,30.0,40.0,major,False,0.0002903319461918126,,0.0003535755325731459,,10.0,33.33333333333333,,,,,,,,,,,,
"8. Motor Vehicle Parts, Materia",35-0000,Food Preparation and Serving Related Occupations,2370.0,2150.0,major,False,0.0229362237491532,,0.019004684875806595,,-220.0,-9.282700421940927,,,,,,,,,,,,
"8. Motor Vehicle Parts, Materia",37-0000,Building and Grounds Cleaning and Maintenance Occupations,250.0,250.0,major,False,0.002419432884931772,,0.002209847078582162,,0.0,0.0,,,,,,,,,,,,
"8. Motor Vehicle Parts, Materia",41-0000,Sales and Related Occupations,39430.0,40610.0,major,False,0.3815929546114391,,0.3589675594448864,,1180.0,2.9926451940147203,,,,,,,,,,,,
"8. Motor Vehicle Parts, Materia",43-0000,Office and Administrative Support Occupations,11040.0,9200.0,major,False,0.10684215619858706,,0.08132237249182357,,-1840.0,-16.666666666666664,,,,,,,,,,,,
"8. Motor Vehicle Parts, Materia",47-0000,Construction and Extraction Occupations,180.0,420.0,major,False,0.0017419916771508758,,0.0037125430920180325,,240.0,133.33333333333334,,,,,,,,,,,,
"8. Motor Vehicle Parts, Materia",49-0000,"Installation, Maintenance, and Repair Occupations",11260.0,12640.0,major,False,0.10897125713732701,,0.11172986829311411,,1380.0,12.25577264653641,,,,,,,,,,,,
"8. Motor Vehicle Parts, Materia",51-0000,Production Occupations,7840.0,7680.0,major,False,0.07587341527146037,,0.06788650225404402,,-160.0,-2.0408163265306145,,,,,,,,,,,,
"8. Motor Vehicle Parts, Materia",53-0000,Transportation and Material Moving Occupations,14770.0,19500.0,major,False,0.1429400948417691,,0.17236807212940863,,4730.0,32.02437373053486,,,,,,,,,,,,
"9. Dealers, Maintenance, & Repa",00-0000,Total all occupations,65940.0,69710.0,major,True,,,,,3770.0,5.717318774643609,,,,,,,,,,,,
"9. Dealers, Maintenance, & Repa",11-0000,Management Occupations,3220.0,4310.0,major,False,0.048847087378640776,,0.0618364418938307,,1090.0,33.85093167701862,,,,,,,,,,,,
"9. Dealers, Maintenance, & Repa",13-0000,Business and Financial Operations Occupations,1570.0,1710.0,major,False,0.023816747572815534,,0.024533715925394547,,140.0,8.917197452229297,,,,,,,,,,,,
"9. Dealers, Maintenance, & Repa",15-0000,Computer and Mathematical Occupations,110.0,180.0,major,False,0.0016686893203883494,,0.002582496413199426,,70.0,63.63636363636365,,,,,,,,,,,,
"9. Dealers, Maintenance, & Repa",17-0000,Architecture and Engineering Occupations,,40.0,major,False,,,0.0005738880918220947,,,,,,,,,,,,,,,
"9. Dealers, Maintenance, & Repa",23-0000,Legal Occupations,40.0,70.0,major,False,0.0006067961165048543,,0.0010043041606886656,,30.0,75.0,,,,,,,,,,,,
"9. Dealers, Maintenance, & Repa",27-0000,"Arts, Design, Entertainment, Sports, and Media Occupations",130.0,80.0,major,False,0.0019720873786407767,,0.0011477761836441894,,-50.0,-38.46153846153846,,,,,,,,,,,,
"9. Dealers, Maintenance, & Repa",33-0000,Protective Service Occupations,40.0,,major,False,0.0006067961165048543,,,,,,,,,,,,,,,,,
"9. Dealers, Maintenance, & Repa",37-0000,Building and Grounds Cleaning and Maintenance Occupations,510.0,330.0,major,False,0.007736650485436893,,0.004734576757532282,,-180.0,-35.29411764705882,,,,,,,,,,,,
"9. Dealers, Maintenance, & Repa",39-0000,Personal Care and Service Occupations,60.0,,major,False,0.0009101941747572816,,,,,,,,,,,,,,,,,
"9. Dealers, Maintenance, & Repa",41-0000,Sales and Related Occupations,13480.0,13810.0,major,False,0.20449029126213591,,0.19813486370157818,,330.0,2.448071216617209,,,,,,,,,,,,
"9. Dealers, Maintenance, & Repa",43-0000,Office and Administrative Support Occupations,7000.0,8140.0,major,False,0.10618932038834951,,0.11678622668579627,,1140.0,16.28571428571428,,,,,,,,,,,,
"9. Dealers, Maintenance, & Repa",47-0000,Construction and Extraction Occupations,180.0,50.0,major,False,0.0027305825242718447,,0.0007173601147776184,,-130.0,-72.22222222222221,,,,,,,,,,,,
"9. Dealers, Maintenance, & Repa",49-0000,"Installation, Maintenance, and Repair Occupations",23290.0,25630.0,major,False,0.35330703883495146,,0.3677187948350072,,2340.0,10.047230571060538,,,,,,,,,,,,
"9. Dealers, Maintenance, & Repa",51-0000,Production Occupations,1060.0,1200.0,major,False,0.01608009708737864,,0.01721664275466284,,140.0,13.207547169811317,,,,,,,,,,,,
"9. Dealers, Maintenance, & Repa",53-0000,Transportation and Material Moving Occupations,15230.0,14150.0,major,False,0.2310376213592233,,0.203012912482066,,-1080.0,-7.091267235718979,,,,,,,,,,,,
Total,00-0000,Total all occupations,692750.0,724460.0,major,True,,,,,31710.0,4.577408877661493,,,,,,,,,,,,
Total,11-0000,Management Occupations,,52590.0,major,False,,,0.07259901434310247,,,,,,,,,,,,,,,
Total,13-0000,Business and Financial Operations Occupations,,37300.0,major,False,,,0.05149159982882149,,,,,,,,,,,,,,,
Total,15-0000,Computer and Mathematical Occupations,,20350.0,major,False,,,0.02809260205138116,,,,,,,,,,,,,,,
Total,17-0000,Architecture and Engineering Occupations,,85040.0,major,False,,,0.1173953257223319,,,,,,,,,,,,,,,
Total,19-0000,"Life, Physical, and Social Science Occupations",,7950.0,major,False,,,0.010974751169949889,,,,,,,,,,,,,,,
Total,21-0000,Community and Social Service Occupations,,110.0,major,False,,,0.0001518519029804387,,,,,,,,,,,,,,,
Total,23-0000,Legal Occupations,,550.0,major,False,,,0.0007592595149021936,,,,,,,,,,,,,,,
Total,25-0000,Educational Instruction and Library Occupations,,140.0,major,False,,,0.00019326605833874019,,,,,,,,,,,,,,,
Total,27-0000,"Arts, Design, Entertainment, Sports, and Media Occupations",,4270.0,major,False,,,0.005894614779331575,,,,,,,,,,,,,,,
Total,29-0000,Healthcare Practitioners and Technical Occupations,,1230.0,major,False,,,0.0016979803696903601,,,,,,,,,,,,,,,
Total,31-0000,Healthcare Support Occupations,,110.0,major,False,,,0.0001518519029804387,,,,,,,,,,,,,,,
Total,33-0000,Protective Service Occupations,,390.0,major,False,,,0.0005383840196579191,,,,,,,,,,,,,,,
Total,35-0000,Food Preparation and Serving Related Occupations,,2180.0,major,False,,,0.00300942862270324,,,,,,,,,,,,,,,
Total,37-0000,Building and Grounds Cleaning and Maintenance Occupations,,2470.0,major,False,,,0.0034097654578334876,,,,,,,,,,,,,,,
Total,39-0000,Personal Care and Service Occupations,,40.0,major,False,,,5.5218873811068627e-05,,,,,,,,,,,,,,,
Total,41-0000,Sales and Related Occupations,,63000.0,major,False,,,0.08696972625243309,,,,,,,,,,,,,,,
Total,43-0000,Office and Administrative Support Occupations,,49040.0,major,False,,,0.06769833929237014,,,,,,,,,,,,,,,
Total,47-0000,Construction and Extraction Occupations,,8130.0,major,False,,,0.011223236102099698,,,,,,,,,,,,,,,
Total,49-0000,"Installation, Maintenance, and Repair Occupations",,57830.0,major,False,,,0.07983268681235246,,,,,,,,,,,,,,,
Total,51-0000,Production Occupations,,246340.0,major,False,,,0.3400654343654661,,,,,,,,,,,,,,,
Total,53-0000,Transportation and Material Moving Occupations,,85330.0,major,False,,,0.11779566255746214,,,,,,,,,,,,,,,
