segment_id,segment_label_us,stage,occcd,Occupation Title,Occupation Type,Display Level,2024 Employment,2024 Percent of Industry,2024 Percent of Occupation,Projected 2034 Employment,Projected 2034 Percent of Industry,Projected 2034 Percent of Occupation,"Employment Change, 2024-2034","Employment Percent Change, 2024-2034",segment_share_2024,segment_share_2034,segment_label_raw,soctitle,empl_2021,empl_2024,occ_level,is_total_all,pct_seg_major_2021,pct_seg_detailed_2021,pct_seg_major_2024,pct_seg_detailed_2024,level_change_2021_2024,pct_change_2021_2024,ep_title,ep_type,ep_employment_2024,ep_employment_2034,ep_change_numeric,ep_change_percent,ep_openings_annual_avg,ep_median_annual_wage_2024,ep_entry_education,ep_work_experience,ep_on_the_job_training,ep_edu_grouped,segment_label_mi,segment_name,share_diff_2024,share_diff_pct_points
1.0,1. Materials & Processing,Upstream,00-0000,"Total, all occupations",Summary,0.0,2091.6,1000.0,1.1,2127.5,1000.0,1.1,35.900000000000006,5.100000000000001,1.0,1.0,1. Materials & Processing,Total all occupations,72030.0,121620.0,major,True,,,,,49590.0,68.8463140358184,"Total, all occupations",Summary,169956.1,175167.9,5211.8,3.1,18863.3,49500.0,—,—,—,,1. Materials & Processing,1. Materials & Processing,,
1.0,1. Materials & Processing,Upstream,11-0000,Management occupations,Summary,1.0,137.8,63.9,0.9,143.0,65.4,0.9,5.1000000000000005,30.1,0.0658825779307707,0.0672150411280846,1. Materials & Processing,Management Occupations,4640.0,5880.0,major,False,0.0644444444444444,,0.0483552631578947,,1240.0,26.72413793103448,  Management occupations,Summary,13607.6,14441.0,833.4,6.1,1147.9,122090.0,—,—,—,,1. Materials & Processing,1. Materials & Processing,0.017527314772875995,1.7527314772875995
1.0,1. Materials & Processing,Upstream,13-0000,Business and financial operations occupations,Summary,1.0,83.60000000000001,39.6,0.6000000000000001,88.0,41.1,0.6000000000000001,4.5,39.9,0.0399694014151845,0.0413631022326674,1. Materials & Processing,Business and Financial Operations Occupations,3300.0,3710.0,major,False,0.0458333333333333,,0.0305098684210526,,410.0,12.424242424242426,  Business and financial operations occupations,Summary,11262.0,11848.9,586.9,5.2,942.5,80920.0,—,—,—,,1. Materials & Processing,1. Materials & Processing,0.009459532994131898,0.9459532994131898
1.0,1. Materials & Processing,Upstream,15-0000,Computer and mathematical occupations,Summary,1.0,17.2,7.9,0.2,17.5,7.9,0.2,0.3,-0.0999999999999996,0.0082233696691528,0.008225616921269,1. Materials & Processing,Computer and Mathematical Occupations,690.0,800.0,major,False,0.0095833333333333,,0.006578947368421,,110.0,15.94202898550725,  Computer and mathematical occupations,Summary,5416.7,5962.3,545.6,10.1,355.4,105850.0,—,—,—,,1. Materials & Processing,1. Materials & Processing,0.0016444223007318001,0.16444223007318
1.0,1. Materials & Processing,Upstream,17-0000,Architecture and engineering occupations,Summary,1.0,82.2,40.0,2.9,88.7,42.2,3.1,6.4,66.39999999999999,0.0393000573723465,0.0416921269095182,1. Materials & Processing,Architecture and Engineering Occupations,3750.0,5790.0,major,False,0.0520833333333333,,0.0476151315789473,,2040.0,54.400000000000006,  Architecture and engineering occupations,Summary,2648.4,2788.3,139.9,5.3,186.5,97310.0,—,—,—,,1. Materials & Processing,1. Materials & Processing,-0.008315074206600798,-0.8315074206600798
1.0,1. Materials & Processing,Upstream,19-0000,"Life, physical, and social science occupations",Summary,1.0,42.2,17.9,2.5,44.2,18.6,2.7,2.1,59.5,0.0201759418626888,0.0207755581668625,1. Materials & Processing,"Life, Physical, and Social Science Occupations",960.0,1090.0,major,False,0.0133333333333333,,0.0089638157894736,,130.0,13.541666666666677,"  Life, physical, and social science occupations",Summary,1609.5,1690.4,80.9,5.0,144.7,78980.0,—,—,—,,1. Materials & Processing,1. Materials & Processing,0.011212126073215202,1.1212126073215203
1.0,1. Materials & Processing,Upstream,23-0000,Legal occupations,Summary,1.0,0.5,0.2,0.0,0.5,0.2,0.0,0.0,11.3,0.0002390514438707,0.0002350176263219,,,,,,,,,,,,,,,,,,,,,,,,,,1. Materials & Processing,,
1.0,1. Materials & Processing,Upstream,27-0000,"Arts, design, entertainment, sports, and media occupations",Summary,1.0,4.7,1.6,0.0,4.8,1.6,0.0,0.1,10.8,0.0022470835723847,0.0022561692126909,1. Materials & Processing,"Arts, Design, Entertainment, Sports, and Media Occupations",230.0,140.0,major,False,0.0031944444444444,,0.0011513157894736,,-90.0,-39.13043478260869,"  Arts, design, entertainment, sports, and media occupations",Summary,3021.1,3104.6,83.5,2.8,289.4,60140.0,—,—,—,,1. Materials & Processing,1. Materials & Processing,0.0010957677829111,0.10957677829111
1.0,1. Materials & Processing,Upstream,29-0000,Healthcare practitioners and technical occupations,Summary,1.0,0.1,0.0,0.0,0.2,0.0,0.0,0.0,5.8,4.78102887741442e-05,9.400705052878966e-05,1. Materials & Processing,Healthcare Practitioners and Technical Occupations,,60.0,major,False,,,0.0004934210526315,,,,  Healthcare practitioners and technical occupations,Summary,10067.5,10794.4,726.9,7.2,634.9,83090.0,—,—,—,,1. Materials & Processing,1. Materials & Processing,-0.0004456107638573558,-0.04456107638573558
1.0,1. Materials & Processing,Upstream,33-0000,Protective service occupations,Summary,1.0,1.8,1.3,0.0,1.8,1.3,0.0,0.0,-39.1,0.0008605851979345,0.0008460634547591,1. Materials & Processing,Protective Service Occupations,30.0,90.0,major,False,0.0004166666666666,,0.0007401315789473,,60.0,200.0,  Protective service occupations,Summary,3787.4,3816.6,29.1,0.8,423.6,50580.0,—,—,—,,1. Materials & Processing,1. Materials & Processing,0.0001204536189872,0.01204536189872
1.0,1. Materials & Processing,Upstream,37-0000,Building and grounds cleaning and maintenance occupations,Summary,1.0,8.4,4.0,0.0,8.6,4.0,0.1,0.2,22.4,0.0040160642570281,0.0040423031727379,1. Materials & Processing,Building and Grounds Cleaning and Maintenance Occupations,370.0,420.0,major,False,0.0051388888888888,,0.003453947368421,,50.0,13.513513513513509,  Building and grounds cleaning and maintenance occupations,Summary,5715.9,5832.9,117.1,2.0,788.7,36790.0,—,—,—,,1. Materials & Processing,1. Materials & Processing,0.0005621168886070999,0.056211688860709985
1.0,1. Materials & Processing,Upstream,39-0000,Personal care and service occupations,Summary,1.0,0.1,0.0,0.0,0.1,0.0,0.0,0.0,2.1,4.78102887741442e-05,4.700352526439483e-05,,,,,,,,,,,,,,,,,,,,,,,,,,1. Materials & Processing,,
1.0,1. Materials & Processing,Upstream,41-0000,Sales and related occupations,Summary,1.0,53.0,24.7,0.4,53.1,24.4,0.4,-2.775557561562892e-17,-6.999999999999999,0.0253394530502964,0.0249588719153936,1. Materials & Processing,Sales and Related Occupations,1600.0,1540.0,major,False,0.0222222222222222,,0.0126644736842105,,-60.0,-3.749999999999998,  Sales and related occupations,Summary,14532.6,14234.8,-297.8,-2.0,1786.8,37460.0,—,—,—,,1. Materials & Processing,1. Materials & Processing,0.0126749793660859,1.2674979366085901
1.0,1. Materials & Processing,Upstream,43-0000,Office and administrative support occupations,Summary,1.0,165.0,76.5,0.7000000000000001,154.9,70.9,0.7000000000000001,-9.8,-67.1,0.0788869764773379,0.0728084606345476,1. Materials & Processing,Office and Administrative Support Occupations,6190.0,5970.0,major,False,0.0859722222222222,,0.0490953947368421,,-220.0,-3.5541195476575083,  Office and administrative support occupations,Summary,19325.2,18563.3,-761.9,-3.9,1996.8,46320.0,—,—,—,,1. Materials & Processing,1. Materials & Processing,0.0297915817404958,2.97915817404958
1.0,1. Materials & Processing,Upstream,45-0000,"Farming, fishing, and forestry occupations",Summary,1.0,0.3,0.1,0.0,0.3,0.1,0.0,0.0,0.4,0.0001434308663224,0.0001410105757931,,,,,,,,,,,,,,,,,,,,,,,,,,1. Materials & Processing,,
1.0,1. Materials & Processing,Upstream,47-0000,Construction and extraction occupations,Summary,1.0,48.7,21.0,0.5,51.1,21.6,0.6,2.5,27.7,0.0232836106330082,0.0240188014101057,1. Materials & Processing,Construction and Extraction Occupations,220.0,3180.0,major,False,0.0030555555555555,,0.0261513157894736,,2960.0,1345.4545454545455,  Construction and extraction occupations,Summary,7574.7,7968.8,394.1,5.2,649.3,58360.0,—,—,—,,1. Materials & Processing,1. Materials & Processing,-0.002867705156465398,-0.28677051564653977
1.0,1. Materials & Processing,Upstream,49-0000,"Installation, maintenance, and repair occupations",Summary,1.0,147.4,77.8,2.4,161.4,83.0,2.4,14.1,68.8,0.0704723656530885,0.0758636897767332,1. Materials & Processing,"Installation, Maintenance, and Repair Occupations",4200.0,6310.0,major,False,0.0583333333333333,,0.051891447368421,,2110.0,50.23809523809524,"  Installation, maintenance, and repair occupations",Summary,6492.9,6794.3,301.4,4.6,608.1,58230.0,—,—,—,,1. Materials & Processing,1. Materials & Processing,0.018580918284667493,1.8580918284667494
1.0,1. Materials & Processing,Upstream,51-0000,Production occupations,Summary,1.0,1016.0,502.6,11.3,1019.7,495.0,11.4,3.900000000000002,-10.5,0.485752533945305,0.4792949471210341,1. Materials & Processing,Production Occupations,39640.0,80270.0,major,False,0.5505555555555556,,0.6601151315789474,,40630.0,102.49747729566096,  Production occupations,Summary,9001.2,8901.6,-99.6,-1.1,963.4,45960.0,—,—,—,,1. Materials & Processing,1. Materials & Processing,-0.17436259763364242,-17.43625976336424
1.0,1. Materials & Processing,Upstream,53-0000,Transportation and material moving occupations,Summary,1.0,282.2,120.8,1.9,289.1,122.3,1.9,7.2,18.4,0.1349206349206349,0.1358871915393654,1. Materials & Processing,Transportation and Material Moving Occupations,6180.0,6350.0,major,False,0.0858333333333333,,0.0522203947368421,,170.0,2.75080906148868,  Transportation and material moving occupations,Summary,14204.6,14784.4,579.9,4.1,1830.0,42740.0,—,—,—,,1. Materials & Processing,1. Materials & Processing,0.08270024018379282,8.270024018379281
2.0,2. Equipment Manufacturing,Upstream,00-0000,"Total, all occupations",Summary,0.0,937.3,200.0,0.6,930.2,200.0,0.5,-7.1,-5.9,1.0,1.0,2. Equipment Manufacturing,Total all occupations,47880.0,48310.0,major,True,,,,,430.0,0.8980785296574867,"Total, all occupations",Summary,169956.1,175167.9,5211.8,3.1,18863.3,49500.0,—,—,—,,2. Equipment Manufacturing,2. Equipment Manufacturing,,
2.0,2. Equipment Manufacturing,Upstream,11-0000,Management occupations,Summary,1.0,71.7,14.9,0.5,72.4,15.3,0.5,0.7000000000000001,-1.4,0.0764963192147658,0.0778327241453451,2. Equipment Manufacturing,Management Occupations,3530.0,3870.0,major,False,0.0737413829120534,,0.0801906340654786,,340.0,9.631728045325772,  Management occupations,Summary,13607.6,14441.0,833.4,6.1,1147.9,122090.0,—,—,—,,2. Equipment Manufacturing,2. Equipment Manufacturing,-0.00369431485071281,-0.369431485071281
2.0,2. Equipment Manufacturing,Upstream,13-0000,Business and financial operations occupations,Summary,1.0,54.8,10.2,0.5,56.2,10.6,0.5,1.4,0.5,0.0584658060386215,0.0604171145990109,2. Equipment Manufacturing,Business and Financial Operations Occupations,2840.0,3040.0,major,False,0.0593273448924169,,0.0629921259842519,,200.0,7.042253521126751,  Business and financial operations occupations,Summary,11262.0,11848.9,586.9,5.2,942.5,80920.0,—,—,—,,2. Equipment Manufacturing,2. Equipment Manufacturing,-0.004526319945630401,-0.45263199456304015
2.0,2. Equipment Manufacturing,Upstream,15-0000,Computer and mathematical occupations,Summary,1.0,20.2,3.5,0.3,20.2,3.6,0.3,0.0,-5.1000000000000005,0.0215512642697108,0.0217157600516018,2. Equipment Manufacturing,Computer and Mathematical Occupations,780.0,740.0,major,False,0.0162941299352412,,0.0153336096145876,,-40.0,-5.128205128205132,  Computer and mathematical occupations,Summary,5416.7,5962.3,545.6,10.1,355.4,105850.0,—,—,—,,2. Equipment Manufacturing,2. Equipment Manufacturing,0.0062176546551232,0.62176546551232
2.0,2. Equipment Manufacturing,Upstream,17-0000,Architecture and engineering occupations,Summary,1.0,91.2,17.5,3.4,95.5,18.6,3.4,4.3,6.0,0.0973007574949322,0.1026660933132659,2. Equipment Manufacturing,Architecture and Engineering Occupations,5070.0,6030.0,major,False,0.1059118445790683,,0.1249481972648155,,960.0,18.93491124260356,  Architecture and engineering occupations,Summary,2648.4,2788.3,139.9,5.3,186.5,97310.0,—,—,—,,2. Equipment Manufacturing,2. Equipment Manufacturing,-0.027647439769883306,-2.7647439769883304
2.0,2. Equipment Manufacturing,Upstream,19-0000,"Life, physical, and social science occupations",Summary,1.0,2.6,0.4,0.2,2.8000000000000003,0.4,0.2,0.2,9.9,0.0027739251040221,0.0030101053536873,2. Equipment Manufacturing,"Life, Physical, and Social Science Occupations",40.0,50.0,major,False,0.0008355964069354,,0.0010360547036883,,10.0,25.0,"  Life, physical, and social science occupations",Summary,1609.5,1690.4,80.9,5.0,144.7,78980.0,—,—,—,,2. Equipment Manufacturing,2. Equipment Manufacturing,0.0017378704003338,0.17378704003338
2.0,2. Equipment Manufacturing,Upstream,23-0000,Legal occupations,Summary,1.0,0.4,0.1,0.0,0.4,0.1,0.0,0.0,0.1,0.0004267577083111,0.0004300150505267,,,,,,,,,,,,,,,,,,,,,,,,,,2. Equipment Manufacturing,,
2.0,2. Equipment Manufacturing,Upstream,25-0000,Educational instruction and library occupations,Summary,1.0,0.1,0.0,0.0,0.1,0.0,0.0,0.0,0.8,0.0001066894270777,0.0001075037626316,,,,,,,,,,,,,,,,,,,,,,,,,,2. Equipment Manufacturing,,
2.0,2. Equipment Manufacturing,Upstream,27-0000,"Arts, design, entertainment, sports, and media occupations",Summary,1.0,3.3,0.7,0.1,3.3,0.7,0.1,0.0,-5.4,0.0035207510935666,0.0035476241668458,2. Equipment Manufacturing,"Arts, Design, Entertainment, Sports, and Media Occupations",170.0,200.0,major,False,0.0035512847294756,,0.0041442188147534,,30.0,17.647058823529417,"  Arts, design, entertainment, sports, and media occupations",Summary,3021.1,3104.6,83.5,2.8,289.4,60140.0,—,—,—,,2. Equipment Manufacturing,2. Equipment Manufacturing,-0.0006234677211867999,-0.06234677211867999
2.0,2. Equipment Manufacturing,Upstream,29-0000,Healthcare practitioners and technical occupations,Summary,1.0,0.1,0.0,0.0,0.1,0.0,0.0,0.0,1.9,0.0001066894270777,0.0001075037626316,,,,,,,,,,,,,,,,,,,,,,,,,,2. Equipment Manufacturing,,
2.0,2. Equipment Manufacturing,Upstream,33-0000,Protective service occupations,Summary,1.0,0.2,0.0,0.0,0.2,0.0,0.0,0.0,-7.1,0.0002133788541555,0.0002150075252633,,,,,,,,,,,,,,,,,,,,,,,,,,2. Equipment Manufacturing,,
2.0,2. Equipment Manufacturing,Upstream,35-0000,Food preparation and serving related occupations,Summary,1.0,0.1,0.0,0.0,0.1,0.0,0.0,0.0,1.2,0.0001066894270777,0.0001075037626316,,,,,,,,,,,,,,,,,,,,,,,,,,2. Equipment Manufacturing,,
2.0,2. Equipment Manufacturing,Upstream,37-0000,Building and grounds cleaning and maintenance occupations,Summary,1.0,3.4,0.8999999999999999,0.0,3.4,1.0,0.0,0.0,-3.0,0.0036274405206444,0.0036551279294775,2. Equipment Manufacturing,Building and Grounds Cleaning and Maintenance Occupations,250.0,310.0,major,False,0.0052224775433465,,0.0064235391628678,,60.0,24.0,  Building and grounds cleaning and maintenance occupations,Summary,5715.9,5832.9,117.1,2.0,788.7,36790.0,—,—,—,,2. Equipment Manufacturing,2. Equipment Manufacturing,-0.0027960986422234,-0.27960986422233997
2.0,2. Equipment Manufacturing,Upstream,41-0000,Sales and related occupations,Summary,1.0,32.7,6.5,0.2,31.8,6.4,0.2,-0.8,-8.6,0.0348874426544329,0.034186196516878,2. Equipment Manufacturing,Sales and Related Occupations,1840.0,1920.0,major,False,0.0384374347190307,,0.0397845006216328,,80.0,4.347826086956519,  Sales and related occupations,Summary,14532.6,14234.8,-297.8,-2.0,1786.8,37460.0,—,—,—,,2. Equipment Manufacturing,2. Equipment Manufacturing,-0.0048970579671999,-0.48970579671999
2.0,2. Equipment Manufacturing,Upstream,43-0000,Office and administrative support occupations,Summary,1.0,79.10000000000001,17.3,0.4,72.10000000000001,16.0,0.4,-7.0,-20.4,0.0843913368185212,0.07751021285745,2. Equipment Manufacturing,Office and Administrative Support Occupations,4260.0,4150.0,major,False,0.0889910173386254,,0.0859925404061334,,-110.0,-2.582159624413149,  Office and administrative support occupations,Summary,19325.2,18563.3,-761.9,-3.9,1996.8,46320.0,—,—,—,,2. Equipment Manufacturing,2. Equipment Manufacturing,-0.0016012035876121905,-0.16012035876121905
2.0,2. Equipment Manufacturing,Upstream,45-0000,"Farming, fishing, and forestry occupations",Summary,1.0,0.1,0.0,0.0,0.1,0.0,0.0,0.0,-1.9,0.0001066894270777,0.0001075037626316,,,,,,,,,,,,,,,,,,,,,,,,,,2. Equipment Manufacturing,,
2.0,2. Equipment Manufacturing,Upstream,47-0000,Construction and extraction occupations,Summary,1.0,14.3,2.1,0.2,14.4,2.3,0.2,0.1,-3.0,0.015256588072122,0.0154805418189636,2. Equipment Manufacturing,Construction and Extraction Occupations,510.0,520.0,major,False,0.0106538541884269,,0.0107749689183588,,10.0,1.9607843137254832,  Construction and extraction occupations,Summary,7574.7,7968.8,394.1,5.2,649.3,58360.0,—,—,—,,2. Equipment Manufacturing,2. Equipment Manufacturing,0.004481619153763201,0.4481619153763201
2.0,2. Equipment Manufacturing,Upstream,49-0000,"Installation, maintenance, and repair occupations",Summary,1.0,48.1,8.9,0.7999999999999999,52.0,9.9,0.7999999999999999,4.0,13.5,0.0513176144244105,0.0559019565684799,2. Equipment Manufacturing,"Installation, Maintenance, and Repair Occupations",1670.0,1770.0,major,False,0.034886149989555,,0.0366763365105677,,100.0,5.988023952095811,"  Installation, maintenance, and repair occupations",Summary,6492.9,6794.3,301.4,4.6,608.1,58230.0,—,—,—,,2. Equipment Manufacturing,2. Equipment Manufacturing,0.014641277913842794,1.4641277913842794
2.0,2. Equipment Manufacturing,Upstream,51-0000,Production occupations,Summary,1.0,468.0,108.1,5.199999999999999,458.1,106.7,5.2,-9.8,-8.200000000000001,0.4993065187239944,0.4924747366157816,2. Equipment Manufacturing,Production Occupations,25590.0,24370.0,major,False,0.5345728013369543,,0.5049730625777041,,-1220.0,-4.767487299726458,  Production occupations,Summary,9001.2,8901.6,-99.6,-1.1,963.4,45960.0,—,—,—,,2. Equipment Manufacturing,2. Equipment Manufacturing,-0.005666543853709738,-0.5666543853709738
2.0,2. Equipment Manufacturing,Upstream,53-0000,Transportation and material moving occupations,Summary,1.0,46.8,8.4,0.3,46.9,8.4,0.3,0.0999999999999999,-3.3999999999999995,0.0499306518723994,0.0504192646742636,2. Equipment Manufacturing,Transportation and Material Moving Occupations,1320.0,1290.0,major,False,0.0275746814288698,,0.0267302113551595,,-30.0,-2.2727272727272707,  Transportation and material moving occupations,Summary,14204.6,14784.4,579.9,4.1,1830.0,42740.0,—,—,—,,2. Equipment Manufacturing,2. Equipment Manufacturing,0.023200440517239903,2.32004405172399
3.0,3. Forging & Foundries,Upstream,00-0000,"Total, all occupations",Summary,0.0,573.8,200.0,0.4,513.6,200.0,0.3,-60.2,-24.2,1.0,1.0,3.Forging and foundries,Total all occupations,15950.0,17010.0,major,True,,,,,1060.0,6.645768025078369,"Total, all occupations",Summary,169956.1,175167.9,5211.8,3.1,18863.3,49500.0,—,—,—,,3. Forging & Foundries,3. Forging & Foundries,,
3.0,3. Forging & Foundries,Upstream,11-0000,Management occupations,Summary,1.0,37.5,11.7,0.2,34.9,12.3,0.2,-2.6,-16.1,0.0653537818055071,0.0679517133956386,3.Forging and foundries,Management Occupations,890.0,1030.0,major,False,0.0558343789209535,,0.0605882352941176,,140.0,15.73033707865168,  Management occupations,Summary,13607.6,14441.0,833.4,6.1,1147.9,122090.0,—,—,—,,3. Forging & Foundries,3. Forging & Foundries,0.004765546511389503,0.47655465113895024
3.0,3. Forging & Foundries,Upstream,13-0000,Business and financial operations occupations,Summary,1.0,24.5,7.1,0.2,22.9,7.5,0.2,-1.5,-14.8,0.0426978041129313,0.0445872274143302,3.Forging and foundries,Business and Financial Operations Occupations,530.0,590.0,major,False,0.0332496863237139,,0.0347058823529411,,60.0,11.32075471698113,  Business and financial operations occupations,Summary,11262.0,11848.9,586.9,5.2,942.5,80920.0,—,—,—,,3. Forging & Foundries,3. Forging & Foundries,0.007991921759990202,0.7991921759990201
3.0,3. Forging & Foundries,Upstream,15-0000,Computer and mathematical occupations,Summary,1.0,6.8,1.9,0.1,6.2,1.9,0.1,-0.6,-22.3,0.0118508191007319,0.0120716510903426,3.Forging and foundries,Computer and Mathematical Occupations,160.0,160.0,major,False,0.0100376411543287,,0.0094117647058823,,0.0,0.0,  Computer and mathematical occupations,Summary,5416.7,5962.3,545.6,10.1,355.4,105850.0,—,—,—,,3. Forging & Foundries,3. Forging & Foundries,0.0024390543948496005,0.24390543948496005
3.0,3. Forging & Foundries,Upstream,17-0000,Architecture and engineering occupations,Summary,1.0,31.1,10.4,1.2,30.1,11.3,1.1,-1.0,-8.600000000000001,0.0542000697107006,0.0586059190031152,3.Forging and foundries,Architecture and Engineering Occupations,900.0,740.0,major,False,0.0564617314930991,,0.0435294117647058,,-160.0,-17.777777777777782,  Architecture and engineering occupations,Summary,2648.4,2788.3,139.9,5.3,186.5,97310.0,—,—,—,,3. Forging & Foundries,3. Forging & Foundries,0.010670657945994796,1.0670657945994797
3.0,3. Forging & Foundries,Upstream,19-0000,"Life, physical, and social science occupations",Summary,1.0,2.2,0.8999999999999999,0.1,2.1,1.1,0.1,0.0,-8.600000000000001,0.0038340885325897,0.0040887850467289,3.Forging and foundries,"Life, Physical, and Social Science Occupations",70.0,70.0,major,False,0.0043914680050188,,0.0041176470588235,,0.0,0.0,"  Life, physical, and social science occupations",Summary,1609.5,1690.4,80.9,5.0,144.7,78980.0,—,—,—,,3. Forging & Foundries,3. Forging & Foundries,-0.0002835585262338002,-0.02835585262338002
3.0,3. Forging & Foundries,Upstream,23-0000,Legal occupations,Summary,1.0,0.1,0.0,0.0,0.1,0.0,0.0,0.0,-7.8,0.0001742767514813,0.0001947040498442,,,,,,,,,,,,,,,,,,,,,,,,,,3. Forging & Foundries,,
3.0,3. Forging & Foundries,Upstream,27-0000,"Arts, design, entertainment, sports, and media occupations",Summary,1.0,1.0,0.3,0.0,0.9,0.3,0.0,-0.1,-18.5,0.0017427675148135,0.0017523364485981,3.Forging and foundries,"Arts, Design, Entertainment, Sports, and Media Occupations",50.0,,major,False,0.0031367628607277,,,,,,"  Arts, design, entertainment, sports, and media occupations",Summary,3021.1,3104.6,83.5,2.8,289.4,60140.0,—,—,—,,3. Forging & Foundries,3. Forging & Foundries,,
3.0,3. Forging & Foundries,Upstream,33-0000,Protective service occupations,Summary,1.0,0.6,0.1,0.0,0.4,0.1,0.0,-0.1,-31.6,0.0010456605088881,0.0007788161993769,,,,,,,,,,,,,,,,,,,,,,,,,,3. Forging & Foundries,,
3.0,3. Forging & Foundries,Upstream,37-0000,Building and grounds cleaning and maintenance occupations,Summary,1.0,2.3,1.0,0.0,2.2,1.0,0.0,-0.2,-17.6,0.0040083652840711,0.0042834890965732,3.Forging and foundries,Building and Grounds Cleaning and Maintenance Occupations,120.0,80.0,major,False,0.0075282308657465,,0.0047058823529411,,-40.0,-33.333333333333336,  Building and grounds cleaning and maintenance occupations,Summary,5715.9,5832.9,117.1,2.0,788.7,36790.0,—,—,—,,3. Forging & Foundries,3. Forging & Foundries,-0.0006975170688699999,-0.069751706887
3.0,3. Forging & Foundries,Upstream,41-0000,Sales and related occupations,Summary,1.0,14.4,3.8,0.1,13.0,3.8,0.1,-1.5,-22.8,0.0250958522133147,0.0253115264797507,3.Forging and foundries,Sales and Related Occupations,220.0,220.0,major,False,0.013801756587202,,0.0129411764705882,,0.0,0.0,  Sales and related occupations,Summary,14532.6,14234.8,-297.8,-2.0,1786.8,37460.0,—,—,—,,3. Forging & Foundries,3. Forging & Foundries,0.0121546757427265,1.21546757427265
3.0,3. Forging & Foundries,Upstream,43-0000,Office and administrative support occupations,Summary,1.0,47.9,14.3,0.2,40.3,13.5,0.2,-7.6,-34.099999999999994,0.0834785639595677,0.0784657320872274,3.Forging and foundries,Office and Administrative Support Occupations,1030.0,1070.0,major,False,0.0646173149309912,,0.0629411764705882,,40.0,3.883495145631066,  Office and administrative support occupations,Summary,19325.2,18563.3,-761.9,-3.9,1996.8,46320.0,—,—,—,,3. Forging & Foundries,3. Forging & Foundries,0.0205373874889795,2.05373874889795
3.0,3. Forging & Foundries,Upstream,47-0000,Construction and extraction occupations,Summary,1.0,5.5,1.8,0.1,5.1000000000000005,1.8,0.1,-0.4,-17.7,0.0095852213314743,0.009929906542056,3.Forging and foundries,Construction and Extraction Occupations,140.0,130.0,major,False,0.0087829360100376,,0.0076470588235294,,-10.0,-7.14285714285714,  Construction and extraction occupations,Summary,7574.7,7968.8,394.1,5.2,649.3,58360.0,—,—,—,,3. Forging & Foundries,3. Forging & Foundries,0.0019381625079449008,0.19381625079449008
3.0,3. Forging & Foundries,Upstream,49-0000,"Installation, maintenance, and repair occupations",Summary,1.0,27.3,11.5,0.4,26.1,12.2,0.4,-1.1,-12.2,0.0475775531544092,0.0508177570093457,3.Forging and foundries,"Installation, Maintenance, and Repair Occupations",940.0,1070.0,major,False,0.0589711417816813,,0.0629411764705882,,130.0,13.829787234042556,"  Installation, maintenance, and repair occupations",Summary,6492.9,6794.3,301.4,4.6,608.1,58230.0,—,—,—,,3. Forging & Foundries,3. Forging & Foundries,-0.015363623316178993,-1.5363623316178994
3.0,3. Forging & Foundries,Upstream,51-0000,Production occupations,Summary,1.0,338.9,125.0,3.8,298.40000000000003,122.7,3.4000000000000004,-40.7,-27.3,0.5906239107703033,0.5809968847352025,3.Forging and foundries,Production Occupations,10100.0,10810.0,major,False,0.6336260978670013,,0.6358823529411765,,710.0,7.029702970297036,  Production occupations,Summary,9001.2,8901.6,-99.6,-1.1,963.4,45960.0,—,—,—,,3. Forging & Foundries,3. Forging & Foundries,-0.04525844217087316,-4.525844217087316
3.0,3. Forging & Foundries,Upstream,53-0000,Transportation and material moving occupations,Summary,1.0,33.5,10.2,0.2,30.9,10.5,0.2,-2.6,-17.9,0.058382711746253,0.0601635514018691,3.Forging and foundries,Transportation and Material Moving Occupations,790.0,1030.0,major,False,0.0495608531994981,,0.0605882352941176,,240.0,30.379746835443044,  Transportation and material moving occupations,Summary,14204.6,14784.4,579.9,4.1,1830.0,42740.0,—,—,—,,3. Forging & Foundries,3. Forging & Foundries,-0.002205523547864602,-0.22055235478646018
4.0,4. Parts & Machining,Upstream,00-0000,"Total, all occupations",Summary,0.0,1193.3,300.0,0.7,1179.8,300.0,0.6000000000000001,-13.5,-2.1,1.0,1.0,4. Parts & Machining,Total all occupations,47500.0,52670.0,major,True,,,,,5170.0,10.884210526315783,"Total, all occupations",Summary,169956.1,175167.9,5211.8,3.1,18863.3,49500.0,—,—,—,,4. Parts & Machining,4. Parts & Machining,,
4.0,4. Parts & Machining,Upstream,11-0000,Management occupations,Summary,1.0,93.0,23.4,0.7,95.7,24.1,0.7,2.7,5.9,0.0779351378530126,0.0811154432954738,4. Parts & Machining,Management Occupations,3560.0,3580.0,major,False,0.0749947335159047,,0.0680220406612198,,20.0,0.561797752808979,  Management occupations,Summary,13607.6,14441.0,833.4,6.1,1147.9,122090.0,—,—,—,,4. Parts & Machining,4. Parts & Machining,0.009913097191792813,0.9913097191792813
4.0,4. Parts & Machining,Upstream,13-0000,Business and financial operations occupations,Summary,1.0,61.5,15.3,0.5,64.1,15.8,0.6,2.6,8.399999999999999,0.0515377524511857,0.0543312425834887,4. Parts & Machining,Business and Financial Operations Occupations,1650.0,2390.0,major,False,0.034758795028439,,0.0454113623408702,,740.0,44.84848484848485,  Business and financial operations occupations,Summary,11262.0,11848.9,586.9,5.2,942.5,80920.0,—,—,—,,4. Parts & Machining,4. Parts & Machining,0.006126390110315502,0.6126390110315503
4.0,4. Parts & Machining,Upstream,15-0000,Computer and mathematical occupations,Summary,1.0,40.6,10.1,0.7,45.2,10.4,0.7,4.6000000000000005,1.5,0.0340232967401324,0.0383115782335989,4. Parts & Machining,Computer and Mathematical Occupations,430.0,510.0,major,False,0.009058352643775,,0.0096902907087212,,80.0,18.60465116279071,  Computer and mathematical occupations,Summary,5416.7,5962.3,545.6,10.1,355.4,105850.0,—,—,—,,4. Parts & Machining,4. Parts & Machining,0.0243330060314112,2.43330060314112
4.0,4. Parts & Machining,Upstream,17-0000,Architecture and engineering occupations,Summary,1.0,123.0,30.8,4.699999999999999,134.3,31.9,4.8,11.2,14.7,0.1030755049023715,0.1138328530259366,4. Parts & Machining,Architecture and Engineering Occupations,3420.0,3360.0,major,False,0.0720455024225826,,0.0638419152574577,,-60.0,-1.7543859649122862,  Architecture and engineering occupations,Summary,2648.4,2788.3,139.9,5.3,186.5,97310.0,—,—,—,,4. Parts & Machining,4. Parts & Machining,0.0392335896449138,3.9233589644913804
4.0,4. Parts & Machining,Upstream,19-0000,"Life, physical, and social science occupations",Summary,1.0,3.8,0.9,0.2,4.1,1.0,0.2,0.3,13.1,0.0031844464929187,0.0034751652822512,4. Parts & Machining,"Life, Physical, and Social Science Occupations",,160.0,major,False,,,0.003040091202736,,,,"  Life, physical, and social science occupations",Summary,1609.5,1690.4,80.9,5.0,144.7,78980.0,—,—,—,,4. Parts & Machining,4. Parts & Machining,0.0001443552901827,0.01443552901827
4.0,4. Parts & Machining,Upstream,23-0000,Legal occupations,Summary,1.0,0.9,0.2,0.1,1.0,0.2,0.1,0.1,3.3,0.0007542110114807,0.0008476012883539,,,,,,,,,,,,,,,,,,,,,,,,,,4. Parts & Machining,,
4.0,4. Parts & Machining,Upstream,27-0000,"Arts, design, entertainment, sports, and media occupations",Summary,1.0,2.3,0.6,0.0,2.4,0.6,0.0,0.0,2.700000000000001,0.0019274281404508,0.0020342430920494,4. Parts & Machining,"Arts, Design, Entertainment, Sports, and Media Occupations",60.0,70.0,major,False,0.0012639561828523,,0.001330039901197,,10.0,16.666666666666675,"  Arts, design, entertainment, sports, and media occupations",Summary,3021.1,3104.6,83.5,2.8,289.4,60140.0,—,—,—,,4. Parts & Machining,4. Parts & Machining,0.0005973882392538001,0.059738823925380005
4.0,4. Parts & Machining,Upstream,33-0000,Protective service occupations,Summary,1.0,0.9,0.2,0.0,0.8,0.2,0.0,-0.1,-10.6,0.0007542110114807,0.0006780810306831,,,,,,,,,,,,,,,,,,,,,,,,,,4. Parts & Machining,,
4.0,4. Parts & Machining,Upstream,37-0000,Building and grounds cleaning and maintenance occupations,Summary,1.0,4.3,1.2,0.0,4.3,1.2,0.0,0.0,4.199999999999999,0.0036034526104081,0.003644685539922,4. Parts & Machining,Building and Grounds Cleaning and Maintenance Occupations,270.0,180.0,major,False,0.0056878028228354,,0.003420102603078,,-90.0,-33.333333333333336,  Building and grounds cleaning and maintenance occupations,Summary,5715.9,5832.9,117.1,2.0,788.7,36790.0,—,—,—,,4. Parts & Machining,4. Parts & Machining,0.00018335000733010016,0.018335000733010018
4.0,4. Parts & Machining,Upstream,41-0000,Sales and related occupations,Summary,1.0,28.2,7.0,0.2,27.2,6.9,0.2,-1.1,-6.6,0.0236319450263973,0.0230547550432276,4. Parts & Machining,Sales and Related Occupations,1020.0,1180.0,major,False,0.0214872551084895,,0.0224206726201786,,160.0,15.686274509803932,  Sales and related occupations,Summary,14532.6,14234.8,-297.8,-2.0,1786.8,37460.0,—,—,—,,4. Parts & Machining,4. Parts & Machining,0.0012112724062187004,0.12112724062187004
4.0,4. Parts & Machining,Upstream,43-0000,Office and administrative support occupations,Summary,1.0,96.2,24.2,0.5,86.9,22.6,0.5,-9.3,-23.4,0.0806167770049442,0.0736565519579589,4. Parts & Machining,Office and Administrative Support Occupations,4220.0,4120.0,major,False,0.0888982515272803,,0.0782823484704541,,-100.0,-2.3696682464455,  Office and administrative support occupations,Summary,19325.2,18563.3,-761.9,-3.9,1996.8,46320.0,—,—,—,,4. Parts & Machining,4. Parts & Machining,0.0023344285344901045,0.23344285344901045
4.0,4. Parts & Machining,Upstream,47-0000,Construction and extraction occupations,Summary,1.0,6.2,1.4,0.1,6.0,1.5,0.1,-0.3,5.5,0.0051956758568675,0.0050856077301237,4. Parts & Machining,Construction and Extraction Occupations,260.0,160.0,major,False,0.0054771434590267,,0.003040091202736,,-100.0,-38.46153846153846,  Construction and extraction occupations,Summary,7574.7,7968.8,394.1,5.2,649.3,58360.0,—,—,—,,4. Parts & Machining,4. Parts & Machining,0.0021555846541315,0.21555846541315002
4.0,4. Parts & Machining,Upstream,49-0000,"Installation, maintenance, and repair occupations",Summary,1.0,43.0,10.6,0.7,45.6,11.4,0.7,2.6,20.4,0.0360345261040811,0.0386506187489405,4. Parts & Machining,"Installation, Maintenance, and Repair Occupations",1630.0,1900.0,major,False,0.0343374763008215,,0.0361010830324909,,270.0,16.564417177914102,"  Installation, maintenance, and repair occupations",Summary,6492.9,6794.3,301.4,4.6,608.1,58230.0,—,—,—,,4. Parts & Machining,4. Parts & Machining,-6.655692840979582e-05,-0.006655692840979582
4.0,4. Parts & Machining,Upstream,51-0000,Production occupations,Summary,1.0,639.3,162.0,7.2,614.4,160.1,7.0,-25.0,-6.4,0.5357412218218386,0.5207662315646719,4. Parts & Machining,Production Occupations,28800.0,32440.0,major,False,0.6066989677691174,,0.6163784913547407,,3640.0,12.63888888888889,  Production occupations,Summary,9001.2,8901.6,-99.6,-1.1,963.4,45960.0,—,—,—,,4. Parts & Machining,4. Parts & Machining,-0.08063726953290207,-8.063726953290207
4.0,4. Parts & Machining,Upstream,53-0000,Transportation and material moving occupations,Summary,1.0,49.8,12.1,0.4,48.2,12.3,0.4,-1.7000000000000002,1.0,0.0417330093019358,0.0408543820986607,4. Parts & Machining,Transportation and Material Moving Occupations,2150.0,2580.0,major,False,0.045291763218875,,0.0490214706441193,,430.0,20.0,  Transportation and material moving occupations,Summary,14204.6,14784.4,579.9,4.1,1830.0,42740.0,—,—,—,,4. Parts & Machining,4. Parts & Machining,-0.0072884613421835,-0.72884613421835
5.0,5. Component Systems,Upstream,00-0000,"Total, all occupations",Summary,0.0,671.0,300.0,0.4,729.0,300.0,0.4,58.0,27.8,1.0,1.0,5. Component Systems,Total all occupations,16710.0,17860.0,major,True,,,,,1150.0,6.882106523040088,"Total, all occupations",Summary,169956.1,175167.9,5211.8,3.1,18863.3,49500.0,—,—,—,,5. Component Systems,5. Component Systems,,
5.0,5. Component Systems,Upstream,11-0000,Management occupations,Summary,1.0,71.2,27.700000000000003,0.6,77.3,28.2,0.5,6.1,32.9,0.1061102831594635,0.1060356652949245,5. Component Systems,Management Occupations,1670.0,1840.0,major,False,0.0999401555954518,,0.103023516237402,,170.0,10.179640718562876,  Management occupations,Summary,13607.6,14441.0,833.4,6.1,1147.9,122090.0,—,—,—,,5. Component Systems,5. Component Systems,0.0030867669220615013,0.3086766922061501
5.0,5. Component Systems,Upstream,13-0000,Business and financial operations occupations,Summary,1.0,55.8,21.9,0.6,60.7,22.6,0.6,4.8,37.3,0.0831594634873323,0.0832647462277091,5. Component Systems,Business and Financial Operations Occupations,1230.0,1520.0,major,False,0.0736086175942549,,0.0851063829787234,,290.0,23.57723577235773,  Business and financial operations occupations,Summary,11262.0,11848.9,586.9,5.2,942.5,80920.0,—,—,—,,5. Component Systems,5. Component Systems,-0.0019469194913910998,-0.19469194913910998
5.0,5. Component Systems,Upstream,15-0000,Computer and mathematical occupations,Summary,1.0,58.7,17.2,1.1,63.2,17.8,1.1,4.5,36.5,0.0874813710879284,0.0866941015089163,5. Component Systems,Computer and Mathematical Occupations,930.0,1030.0,major,False,0.0556552962298025,,0.0576707726763717,,100.0,10.752688172043,  Computer and mathematical occupations,Summary,5416.7,5962.3,545.6,10.1,355.4,105850.0,—,—,—,,5. Component Systems,5. Component Systems,0.029810598411556706,2.9810598411556706
5.0,5. Component Systems,Upstream,17-0000,Architecture and engineering occupations,Summary,1.0,102.3,42.900000000000006,3.9,111.9,44.6,3.9,9.6,41.8,0.1524590163934426,0.1534979423868312,5. Component Systems,Architecture and Engineering Occupations,1640.0,3220.0,major,False,0.0981448234590065,,0.1802911534154535,,1580.0,96.34146341463416,  Architecture and engineering occupations,Summary,2648.4,2788.3,139.9,5.3,186.5,97310.0,—,—,—,,5. Component Systems,5. Component Systems,-0.0278321370220109,-2.78321370220109
5.0,5. Component Systems,Upstream,19-0000,"Life, physical, and social science occupations",Summary,1.0,7.5,2.4,0.5,8.1,2.6,0.5,0.6000000000000001,41.3,0.011177347242921,0.0111111111111111,5. Component Systems,"Life, Physical, and Social Science Occupations",180.0,110.0,major,False,0.0107719928186714,,0.0061590145576707,,-70.0,-38.888888888888886,"  Life, physical, and social science occupations",Summary,1609.5,1690.4,80.9,5.0,144.7,78980.0,—,—,—,,5. Component Systems,5. Component Systems,0.0050183326852502996,0.50183326852503
5.0,5. Component Systems,Upstream,23-0000,Legal occupations,Summary,1.0,0.8999999999999999,0.4,0.1,1.0,0.4,0.1,0.0,27.7,0.0013412816691505,0.0013717421124828,,,,,,,,,,,,,,,,,,,,,,,,,,5. Component Systems,,
5.0,5. Component Systems,Upstream,25-0000,Educational instruction and library occupations,Summary,1.0,0.1,0.0,0.0,0.1,0.0,0.0,0.0,3.1,0.0001490312965722,0.0001371742112482,,,,,,,,,,,,,,,,,,,,,,,,,,5. Component Systems,,
5.0,5. Component Systems,Upstream,27-0000,"Arts, design, entertainment, sports, and media occupations",Summary,1.0,3.1,1.0,0.1,3.1,0.8999999999999999,0.1,0.1,23.0,0.0046199701937406,0.0042524005486968,5. Component Systems,"Arts, Design, Entertainment, Sports, and Media Occupations",210.0,70.0,major,False,0.0125673249551166,,0.0039193729003359,,-140.0,-66.66666666666667,"  Arts, design, entertainment, sports, and media occupations",Summary,3021.1,3104.6,83.5,2.8,289.4,60140.0,—,—,—,,5. Component Systems,5. Component Systems,0.0007005972934046997,0.07005972934046997
5.0,5. Component Systems,Upstream,29-0000,Healthcare practitioners and technical occupations,Summary,1.0,0.7,0.1,0.0,0.7,0.1,0.0,0.0,33.4,0.0010432190760059,0.0009602194787379,,,,,,,,,,,,,,,,,,,,,,,,,,5. Component Systems,,
5.0,5. Component Systems,Upstream,33-0000,Protective service occupations,Summary,1.0,0.4,0.2,0.0,0.5,0.2,0.0,0.0,16.5,0.0005961251862891,0.0006858710562414,,,,,,,,,,,,,,,,,,,,,,,,,,5. Component Systems,,
5.0,5. Component Systems,Upstream,37-0000,Building and grounds cleaning and maintenance occupations,Summary,1.0,1.6,0.7000000000000001,0.0,1.8,0.7000000000000001,0.0,0.2,29.3,0.0023845007451564,0.0024691358024691,5. Component Systems,Building and Grounds Cleaning and Maintenance Occupations,70.0,40.0,major,False,0.0041891083183722,,0.0022396416573348,,-30.0,-42.85714285714286,  Building and grounds cleaning and maintenance occupations,Summary,5715.9,5832.9,117.1,2.0,788.7,36790.0,—,—,—,,5. Component Systems,5. Component Systems,0.00014485908782160004,0.014485908782160004
5.0,5. Component Systems,Upstream,41-0000,Sales and related occupations,Summary,1.0,22.1,8.9,0.1,22.9,8.6,0.1,0.9000000000000001,19.0,0.0329359165424739,0.0314128943758573,5. Component Systems,Sales and Related Occupations,910.0,860.0,major,False,0.054458408138839,,0.0481522956326987,,-50.0,-5.494505494505497,  Sales and related occupations,Summary,14532.6,14234.8,-297.8,-2.0,1786.8,37460.0,—,—,—,,5. Component Systems,5. Component Systems,-0.015216379090224795,-1.5216379090224794
5.0,5. Component Systems,Upstream,43-0000,Office and administrative support occupations,Summary,1.0,51.1,21.1,0.3,50.7,19.3,0.3,-0.3999999999999999,0.8999999999999986,0.0761549925484351,0.0695473251028806,5. Component Systems,Office and Administrative Support Occupations,1730.0,1370.0,major,False,0.1035308198683423,,0.0767077267637178,,-360.0,-20.809248554913296,  Office and administrative support occupations,Summary,19325.2,18563.3,-761.9,-3.9,1996.8,46320.0,—,—,—,,5. Component Systems,5. Component Systems,-0.0005527342152827075,-0.05527342152827075
5.0,5. Component Systems,Upstream,47-0000,Construction and extraction occupations,Summary,1.0,3.7,1.5,0.0,4.0,1.6,0.0,0.3,29.3,0.0055141579731743,0.0054869684499314,5. Component Systems,Construction and Extraction Occupations,30.0,190.0,major,False,0.0017953321364452,,0.0106382978723404,,160.0,533.3333333333333,  Construction and extraction occupations,Summary,7574.7,7968.8,394.1,5.2,649.3,58360.0,—,—,—,,5. Component Systems,5. Component Systems,-0.005124139899166099,-0.5124139899166099
5.0,5. Component Systems,Upstream,49-0000,"Installation, maintenance, and repair occupations",Summary,1.0,25.8,13.8,0.4,29.700000000000003,14.6,0.5,3.9,46.6,0.0384500745156482,0.0407407407407407,5. Component Systems,"Installation, Maintenance, and Repair Occupations",590.0,670.0,major,False,0.0353081986834231,,0.0375139977603583,,80.0,13.559322033898312,"  Installation, maintenance, and repair occupations",Summary,6492.9,6794.3,301.4,4.6,608.1,58230.0,—,—,—,,5. Component Systems,5. Component Systems,0.000936076755289901,0.0936076755289901
5.0,5. Component Systems,Upstream,51-0000,Production occupations,Summary,1.0,246.2,129.0,2.7,271.0,126.6,3.1,24.8,22.7,0.3669150521609537,0.3717421124828532,5. Component Systems,Production Occupations,7070.0,6450.0,major,False,0.4230999401555954,,0.3611422172452407,,-620.0,-8.769448373408773,  Production occupations,Summary,9001.2,8901.6,-99.6,-1.1,963.4,45960.0,—,—,—,,5. Component Systems,5. Component Systems,0.00577283491571301,0.577283491571301
5.0,5. Component Systems,Upstream,53-0000,Transportation and material moving occupations,Summary,1.0,19.4,11.2,0.1,22.0,11.2,0.1,2.5,28.9,0.0289120715350223,0.0301783264746227,5. Component Systems,Transportation and Material Moving Occupations,450.0,490.0,major,False,0.0269299820466786,,0.0274356103023516,,40.0,8.888888888888879,  Transportation and material moving occupations,Summary,14204.6,14784.4,579.9,4.1,1830.0,42740.0,—,—,—,,5. Component Systems,5. Component Systems,0.001476461232670697,0.14764612326706972
6.0,6. Engineering & Design,OEM,00-0000,"Total, all occupations",Summary,0.0,2791.4,300.0,1.7,2942.7,300.0,1.7,151.3,16.1,1.0,1.0,6. Engineering & Design,Total all occupations,120900.0,125730.0,major,True,,,,,4830.0,3.995037220843667,"Total, all occupations",Summary,169956.1,175167.9,5211.8,3.1,18863.3,49500.0,—,—,—,,6. Engineering & Design,6. Engineering & Design,,
6.0,6. Engineering & Design,OEM,11-0000,Management occupations,Summary,1.0,375.5,40.2,2.7,401.4,40.5,2.7,25.8,19.0,0.134520312388049,0.136405342032827,6. Engineering & Design,Management Occupations,14380.0,14870.0,major,False,0.1189806387555849,,0.1183257738521524,,490.0,3.4075104311543702,  Management occupations,Summary,13607.6,14441.0,833.4,6.1,1147.9,122090.0,—,—,—,,6. Engineering & Design,6. Engineering & Design,0.016194538535896613,1.6194538535896612
6.0,6. Engineering & Design,OEM,13-0000,Business and financial operations occupations,Summary,1.0,343.2,33.9,3.0,363.2000000000001,34.1,3.1,19.9,17.8,0.1229490578204485,0.1234240663336392,6. Engineering & Design,Business and Financial Operations Occupations,12260.0,12260.0,major,False,0.1014396822770147,,0.0975570939762871,,0.0,0.0,  Business and financial operations occupations,Summary,11262.0,11848.9,586.9,5.2,942.5,80920.0,—,—,—,,6. Engineering & Design,6. Engineering & Design,0.025391963844161397,2.53919638441614
6.0,6. Engineering & Design,OEM,15-0000,Computer and mathematical occupations,Summary,1.0,250.5,23.7,4.7,283.0,25.2,4.800000000000001,32.5,30.2,0.0897399154546105,0.0961701838447684,6. Engineering & Design,Computer and Mathematical Occupations,8030.0,11700.0,major,False,0.0664405096806222,,0.0931009787538792,,3670.0,45.70361145703612,  Computer and mathematical occupations,Summary,5416.7,5962.3,545.6,10.1,355.4,105850.0,—,—,—,,6. Engineering & Design,6. Engineering & Design,-0.0033610632992686906,-0.33610632992686906
6.0,6. Engineering & Design,OEM,17-0000,Architecture and engineering occupations,Summary,1.0,873.0,62.1,33.0,915.6,62.6,32.8,42.7,20.700000000000003,0.3127462921831339,0.3111428280150882,6. Engineering & Design,Architecture and Engineering Occupations,52260.0,49530.0,major,False,0.4324011252689062,,0.3941274767247553,,-2730.0,-5.223880597014929,  Architecture and engineering occupations,Summary,2648.4,2788.3,139.9,5.3,186.5,97310.0,—,—,—,,6. Engineering & Design,6. Engineering & Design,-0.08138118454162141,-8.138118454162141
6.0,6. Engineering & Design,OEM,19-0000,"Life, physical, and social science occupations",Summary,1.0,297.9,27.8,18.5,318.5,27.7,18.8,20.6,19.8,0.1067206419717704,0.1082339348217623,6. Engineering & Design,"Life, Physical, and Social Science Occupations",5590.0,5870.0,major,False,0.0462518616581168,,0.0467096363491684,,280.0,5.008944543828275,"  Life, physical, and social science occupations",Summary,1609.5,1690.4,80.9,5.0,144.7,78980.0,—,—,—,,6. Engineering & Design,6. Engineering & Design,0.060011005622602004,6.0011005622602
6.0,6. Engineering & Design,OEM,21-0000,Community and social service occupations,Summary,1.0,7.0,0.7,0.2,7.4,0.7,0.2,0.4,5.8,0.0025077022282725,0.0025146973867536,6. Engineering & Design,Community and Social Service Occupations,50.0,70.0,major,False,0.0004137018037398,,0.0005570144028009,,20.0,39.99999999999999,  Community and social service occupations,Summary,3196.9,3409.2,212.3,6.6,313.7,57530.0,—,—,—,,6. Engineering & Design,6. Engineering & Design,0.0019506878254716,0.19506878254715998
6.0,6. Engineering & Design,OEM,23-0000,Legal occupations,Summary,1.0,7.2,0.7,0.5,7.6,0.6,0.5,0.4,9.7,0.002579350863366,0.0025826621809902,6. Engineering & Design,Legal Occupations,210.0,260.0,major,False,0.0017375475757074,,0.002068910638975,,50.0,23.809523809523814,  Legal occupations,Summary,1418.2,1456.5,38.3,2.7,83.8,99990.0,—,—,—,,6. Engineering & Design,6. Engineering & Design,0.0005104402243910002,0.051044022439100015
6.0,6. Engineering & Design,OEM,25-0000,Educational instruction and library occupations,Summary,1.0,8.0,0.9,0.1,8.700000000000001,0.9,0.1,0.7,18.7,0.00286594540374,0.0029564685492914,6. Engineering & Design,Educational Instruction and Library Occupations,40.0,130.0,major,False,0.0003309614429918,,0.0010344553194875,,90.0,225.0,  Educational instruction and library occupations,Summary,9813.2,9875.4,62.2,0.6,890.3,59220.0,—,—,—,,6. Engineering & Design,6. Engineering & Design,0.0018314900842525002,0.18314900842525003
6.0,6. Engineering & Design,OEM,27-0000,"Arts, design, entertainment, sports, and media occupations",Summary,1.0,104.8,45.8,3.4,109.4,46.1,3.5,4.7,12.9,0.0375438847889947,0.0371767424474122,6. Engineering & Design,"Arts, Design, Entertainment, Sports, and Media Occupations",4140.0,3330.0,major,False,0.0342545093496607,,0.026497970876104,,-810.0,-19.565217391304344,"  Arts, design, entertainment, sports, and media occupations",Summary,3021.1,3104.6,83.5,2.8,289.4,60140.0,—,—,—,,6. Engineering & Design,6. Engineering & Design,0.011045913912890701,1.1045913912890701
6.0,6. Engineering & Design,OEM,29-0000,Healthcare practitioners and technical occupations,Summary,1.0,26.1,2.7,0.2,28.0,2.7,0.2,1.9,12.2,0.0093501468797019,0.0095150711931219,6. Engineering & Design,Healthcare Practitioners and Technical Occupations,460.0,970.0,major,False,0.0038060565944067,,0.0077186281530993,,510.0,110.86956521739133,  Healthcare practitioners and technical occupations,Summary,10067.5,10794.4,726.9,7.2,634.9,83090.0,—,—,—,,6. Engineering & Design,6. Engineering & Design,0.0016315187266026003,0.16315187266026004
6.0,6. Engineering & Design,OEM,31-0000,Healthcare support occupations,Summary,1.0,4.3,0.4,0.0,4.5,0.4,0.0,0.2,10.5,0.0015404456545102,0.0015292078703231,6. Engineering & Design,Healthcare Support Occupations,,110.0,major,False,,,0.0008753083472586,,,,  Healthcare support occupations,Summary,7982.8,8971.1,988.3,12.4,1286.7,37180.0,—,—,—,,6. Engineering & Design,6. Engineering & Design,0.0006651373072516,0.06651373072516001
6.0,6. Engineering & Design,OEM,33-0000,Protective service occupations,Summary,1.0,4.4,0.4,0.1,4.2,0.4,0.1,0.0,-1.5,0.001576269972057,0.0014272606789682,6. Engineering & Design,Protective Service Occupations,60.0,80.0,major,False,0.0004964421644878,,0.0006365878889154,,20.0,33.33333333333333,  Protective service occupations,Summary,3787.4,3816.6,29.1,0.8,423.6,50580.0,—,—,—,,6. Engineering & Design,6. Engineering & Design,0.0009396820831415999,0.09396820831415999
6.0,6. Engineering & Design,OEM,35-0000,Food preparation and serving related occupations,Summary,1.0,0.5,0.0,0.0,0.5,0.0,0.0,0.0,10.9,0.0001791215877337,0.0001699119855914,6. Engineering & Design,Food Preparation and Serving Related Occupations,40.0,,major,False,0.0003309614429918,,,,,,  Food preparation and serving related occupations,Summary,13805.3,14295.3,489.9,3.5,2625.8,34130.0,—,—,—,,6. Engineering & Design,6. Engineering & Design,,
6.0,6. Engineering & Design,OEM,37-0000,Building and grounds cleaning and maintenance occupations,Summary,1.0,13.0,1.3,0.2,13.6,1.3,0.2,0.5,14.7,0.0046571612810775,0.0046216060080878,6. Engineering & Design,Building and Grounds Cleaning and Maintenance Occupations,250.0,340.0,major,False,0.0020685090186993,,0.0027054985278905,,90.0,36.00000000000001,  Building and grounds cleaning and maintenance occupations,Summary,5715.9,5832.9,117.1,2.0,788.7,36790.0,—,—,—,,6. Engineering & Design,6. Engineering & Design,0.0019516627531869996,0.19516627531869996
6.0,6. Engineering & Design,OEM,39-0000,Personal care and service occupations,Summary,1.0,1.9,0.2,0.0,2.0,0.2,0.0,0.1,6.2,0.0006806620333882,0.0006796479423658,,,,,,,,,,,,,,,,,,,,,,,,,,6. Engineering & Design,,
6.0,6. Engineering & Design,OEM,41-0000,Sales and related occupations,Summary,1.0,42.3,8.5,0.3,43.3,8.2,0.3,0.9,6.199999999999999,0.0151536863222755,0.0147143779522207,6. Engineering & Design,Sales and Related Occupations,3020.0,3770.0,major,False,0.0249875889458878,,0.0299992042651388,,750.0,24.83443708609272,  Sales and related occupations,Summary,14532.6,14234.8,-297.8,-2.0,1786.8,37460.0,—,—,—,,6. Engineering & Design,6. Engineering & Design,-0.014845517942863302,-1.4845517942863302
6.0,6. Engineering & Design,OEM,43-0000,Office and administrative support occupations,Summary,1.0,210.3,24.5,1.1,203.3,22.5,1.1,-7.0,-10.0,0.0753385398008167,0.0690862133414891,6. Engineering & Design,Office and Administrative Support Occupations,6410.0,7280.0,major,False,0.0530365712394506,,0.0579294978913026,,870.0,13.572542901716078,  Office and administrative support occupations,Summary,19325.2,18563.3,-761.9,-3.9,1996.8,46320.0,—,—,—,,6. Engineering & Design,6. Engineering & Design,0.017409041909514103,1.7409041909514102
6.0,6. Engineering & Design,OEM,45-0000,"Farming, fishing, and forestry occupations",Summary,1.0,2.2,0.2,0.2,2.3,0.2,0.2,0.1,4.5,0.0007881349860285,0.0007815951337207,,,,,,,,,,,,,,,,,,,,,,,,,,6. Engineering & Design,,
6.0,6. Engineering & Design,OEM,47-0000,Construction and extraction occupations,Summary,1.0,73.9,5.4,0.9,75.10000000000001,5.3,0.9,1.2,12.3,0.0264741706670487,0.0255207802358378,6. Engineering & Design,Construction and Extraction Occupations,1470.0,1570.0,major,False,0.012162833029952,,0.0124930373199649,,100.0,6.802721088435382,  Construction and extraction occupations,Summary,7574.7,7968.8,394.1,5.2,649.3,58360.0,—,—,—,,6. Engineering & Design,6. Engineering & Design,0.013981133347083799,1.3981133347083798
6.0,6. Engineering & Design,OEM,49-0000,"Installation, maintenance, and repair occupations",Summary,1.0,34.8,3.8,0.5,36.5,3.8,0.5,1.7,14.9,0.0124668625062692,0.0124035749481768,6. Engineering & Design,"Installation, Maintenance, and Repair Occupations",2710.0,1820.0,major,False,0.0224226377627006,,0.0144823744728256,,-890.0,-32.84132841328413,"  Installation, maintenance, and repair occupations",Summary,6492.9,6794.3,301.4,4.6,608.1,58230.0,—,—,—,,6. Engineering & Design,6. Engineering & Design,-0.0020155119665564002,-0.20155119665564003
6.0,6. Engineering & Design,OEM,51-0000,Production occupations,Summary,1.0,87.6,12.0,1.0,90.4,11.8,1.0,2.7,9.6,0.0313821021709536,0.0307200869949366,6. Engineering & Design,Production Occupations,8020.0,10440.0,major,False,0.0663577693198742,,0.0830747195034614,,2420.0,30.17456359102244,  Production occupations,Summary,9001.2,8901.6,-99.6,-1.1,963.4,45960.0,—,—,—,,6. Engineering & Design,6. Engineering & Design,-0.0516926173325078,-5.169261733250781
6.0,6. Engineering & Design,OEM,53-0000,Transportation and material moving occupations,Summary,1.0,22.4,4.3,0.1,23.6,4.3,0.1,1.1,15.5,0.0080246471304721,0.008019845719917,6. Engineering & Design,Transportation and Material Moving Occupations,1460.0,1270.0,major,False,0.012080092669204,,0.0101058327365321,,-190.0,-13.013698630136982,  Transportation and material moving occupations,Summary,14204.6,14784.4,579.9,4.1,1830.0,42740.0,—,—,—,,6. Engineering & Design,6. Engineering & Design,-0.00208118560606,-0.208118560606
7.0,7. Core Automotive,OEM,00-0000,"Total, all occupations",Summary,0.0,1018.8,300.0,0.6,916.5,300.0,0.5,-102.3,-13.599999999999998,1.0,1.0,7. Core Automotive,Total all occupations,170720.0,175740.0,major,True,,,,,5020.0,2.9404873477038462,"Total, all occupations",Summary,169956.1,175167.9,5211.8,3.1,18863.3,49500.0,—,—,—,,7. Core Automotive,7. Core Automotive,,
7.0,7. Core Automotive,OEM,11-0000,Management occupations,Summary,1.0,44.0,12.6,0.3,39.7,12.8,0.2,-4.4,-9.4,0.0431880643894778,0.043316966721222,7. Core Automotive,Management Occupations,7820.0,9050.0,major,False,0.0458033151760089,,0.0514965289632411,,1230.0,15.728900255754484,  Management occupations,Summary,13607.6,14441.0,833.4,6.1,1147.9,122090.0,—,—,—,,7. Core Automotive,7. Core Automotive,-0.008308464573763295,-0.8308464573763296
7.0,7. Core Automotive,OEM,13-0000,Business and financial operations occupations,Summary,1.0,38.1,10.8,0.3,35.5,11.1,0.2,-2.8,-4.300000000000001,0.037396937573616,0.03873431533006,7. Core Automotive,Business and Financial Operations Occupations,5460.0,6070.0,major,False,0.031980319803198,,0.0345396608626379,,610.0,11.172161172161177,  Business and financial operations occupations,Summary,11262.0,11848.9,586.9,5.2,942.5,80920.0,—,—,—,,7. Core Automotive,7. Core Automotive,0.0028572767109781017,0.28572767109781017
7.0,7. Core Automotive,OEM,15-0000,Computer and mathematical occupations,Summary,1.0,17.4,5.0,0.3,16.799999999999997,5.1,0.3,-0.6,-11.400000000000002,0.0170789163722025,0.0183306055646481,7. Core Automotive,Computer and Mathematical Occupations,1750.0,2540.0,major,False,0.010250102501025,,0.0144531694548765,,790.0,45.14285714285715,  Computer and mathematical occupations,Summary,5416.7,5962.3,545.6,10.1,355.4,105850.0,—,—,—,,7. Core Automotive,7. Core Automotive,0.0026257469173260016,0.2625746917326002
7.0,7. Core Automotive,OEM,17-0000,Architecture and engineering occupations,Summary,1.0,63.5,16.7,2.4,59.4,17.6,2.1,-4.199999999999999,1.6000000000000014,0.06232822928936,0.0648117839607201,7. Core Automotive,Architecture and Engineering Occupations,12430.0,13610.0,major,False,0.0728050137644233,,0.0774439512916809,,1180.0,9.493161705551078,  Architecture and engineering occupations,Summary,2648.4,2788.3,139.9,5.3,186.5,97310.0,—,—,—,,7. Core Automotive,7. Core Automotive,-0.015115722002320899,-1.51157220023209
7.0,7. Core Automotive,OEM,19-0000,"Life, physical, and social science occupations",Summary,1.0,2.3,0.7,0.1,2.3,0.7,0.1,-0.1,8.099999999999998,0.0022575579112681,0.0025095471903982,7. Core Automotive,"Life, Physical, and Social Science Occupations",270.0,370.0,major,False,0.0015814443858724,,0.0021053829520883,,100.0,37.037037037037045,"  Life, physical, and social science occupations",Summary,1609.5,1690.4,80.9,5.0,144.7,78980.0,—,—,—,,7. Core Automotive,7. Core Automotive,0.00015217495917979997,0.015217495917979997
7.0,7. Core Automotive,OEM,23-0000,Legal occupations,Summary,1.0,0.4,0.1,0.0,0.4,0.1,0.0,0.0,-17.8,0.000392618767177,0.0004364429896344,7. Core Automotive,Legal Occupations,80.0,40.0,major,False,0.0004685761143325,,0.0002276089677933,,-40.0,-50.0,  Legal occupations,Summary,1418.2,1456.5,38.3,2.7,83.8,99990.0,—,—,—,,7. Core Automotive,7. Core Automotive,0.0001650097993837,0.01650097993837
7.0,7. Core Automotive,OEM,27-0000,"Arts, design, entertainment, sports, and media occupations",Summary,1.0,1.9,0.6000000000000001,0.0,1.9,0.6000000000000001,0.0,-0.2,-14.5,0.001864939144091,0.0020731042007637,7. Core Automotive,"Arts, Design, Entertainment, Sports, and Media Occupations",80.0,190.0,major,False,0.0004685761143325,,0.0010811425970183,,110.0,137.5,"  Arts, design, entertainment, sports, and media occupations",Summary,3021.1,3104.6,83.5,2.8,289.4,60140.0,—,—,—,,7. Core Automotive,7. Core Automotive,0.0007837965470726999,0.07837965470726999
7.0,7. Core Automotive,OEM,29-0000,Healthcare practitioners and technical occupations,Summary,1.0,0.3,0.1,0.0,0.3,0.1,0.0,0.0,-14.099999999999998,0.0002944640753828,0.0003273322422258,7. Core Automotive,Healthcare Practitioners and Technical Occupations,130.0,110.0,major,False,0.0007614361857904,,0.0006259246614316,,-20.0,-15.384615384615383,  Healthcare practitioners and technical occupations,Summary,10067.5,10794.4,726.9,7.2,634.9,83090.0,—,—,—,,7. Core Automotive,7. Core Automotive,-0.00033146058604879993,-0.03314605860487999
7.0,7. Core Automotive,OEM,33-0000,Protective service occupations,Summary,1.0,0.8999999999999999,0.4,0.0,0.7,0.3,0.0,-0.1,-32.9,0.0008833922261484,0.0007637752318603,7. Core Automotive,Protective Service Occupations,70.0,140.0,major,False,0.000410004100041,,0.0007966313872766,,70.0,100.0,  Protective service occupations,Summary,3787.4,3816.6,29.1,0.8,423.6,50580.0,—,—,—,,7. Core Automotive,7. Core Automotive,8.67608388718e-05,0.00867608388718
7.0,7. Core Automotive,OEM,37-0000,Building and grounds cleaning and maintenance occupations,Summary,1.0,2.2,0.7,0.0,2.0,0.8,0.0,-0.3,-11.8,0.0021594032194738,0.0021822149481723,7. Core Automotive,Building and Grounds Cleaning and Maintenance Occupations,280.0,460.0,major,False,0.001640016400164,,0.0026175031296233,,180.0,64.28571428571428,  Building and grounds cleaning and maintenance occupations,Summary,5715.9,5832.9,117.1,2.0,788.7,36790.0,—,—,—,,7. Core Automotive,7. Core Automotive,-0.00045809991014950004,-0.04580999101495001
7.0,7. Core Automotive,OEM,41-0000,Sales and related occupations,Summary,1.0,12.3,4.5,0.0,11.3,4.4,0.0,-1.0,-18.700000000000003,0.0120730270906949,0.012329514457174,7. Core Automotive,Sales and Related Occupations,1370.0,1250.0,major,False,0.0080243659579452,,0.0071127802435415,,-120.0,-8.75912408759124,  Sales and related occupations,Summary,14532.6,14234.8,-297.8,-2.0,1786.8,37460.0,—,—,—,,7. Core Automotive,7. Core Automotive,0.004960246847153399,0.49602468471533995
7.0,7. Core Automotive,OEM,43-0000,Office and administrative support occupations,Summary,1.0,46.9,13.9,0.3,37.5,12.8,0.2,-9.4,-35.9,0.0460345504515115,0.0409165302782324,7. Core Automotive,Office and Administrative Support Occupations,6150.0,5790.0,major,False,0.0360217887893164,,0.0329463980880846,,-360.0,-5.853658536585371,  Office and administrative support occupations,Summary,19325.2,18563.3,-761.9,-3.9,1996.8,46320.0,—,—,—,,7. Core Automotive,7. Core Automotive,0.013088152363426905,1.3088152363426906
7.0,7. Core Automotive,OEM,47-0000,Construction and extraction occupations,Summary,1.0,15.3,5.5,0.3,14.9,5.6,0.2,-0.4,-11.099999999999998,0.0150176678445229,0.0162575013638843,7. Core Automotive,Construction and Extraction Occupations,4590.0,4490.0,major,False,0.0268845545598313,,0.0255491066348014,,-100.0,-2.178649237472763,  Construction and extraction occupations,Summary,7574.7,7968.8,394.1,5.2,649.3,58360.0,—,—,—,,7. Core Automotive,7. Core Automotive,-0.010531438790278501,-1.0531438790278502
7.0,7. Core Automotive,OEM,49-0000,"Installation, maintenance, and repair occupations",Summary,1.0,59.5,17.7,1.0,57.5,18.8,0.9,-2.3,2.6,0.0584020416175893,0.0627386797599563,7. Core Automotive,"Installation, Maintenance, and Repair Occupations",8760.0,8670.0,major,False,0.0513090845194166,,0.0493342437692045,,-90.0,-1.0273972602739767,"  Installation, maintenance, and repair occupations",Summary,6492.9,6794.3,301.4,4.6,608.1,58230.0,—,—,—,,7. Core Automotive,7. Core Automotive,0.009067797848384802,0.9067797848384802
7.0,7. Core Automotive,OEM,51-0000,Production occupations,Summary,1.0,656.2,194.5,7.399999999999999,586.8,193.0,6.6,-69.5,-15.900000000000002,0.6440910875539851,0.6402618657937806,7. Core Automotive,Production Occupations,113290.0,114300.0,major,False,0.6635623499092134,,0.6503926254694435,,1010.0,0.8915173448671654,  Production occupations,Summary,9001.2,8901.6,-99.6,-1.1,963.4,45960.0,—,—,—,,7. Core Automotive,7. Core Automotive,-0.0063015379154583995,-0.63015379154584
7.0,7. Core Automotive,OEM,53-0000,Transportation and material moving occupations,Summary,1.0,57.2,16.2,0.5,49.7,16.1,0.4,-7.399999999999999,-15.3,0.0561444837063211,0.054228041462084,7. Core Automotive,Transportation and Material Moving Occupations,8200.0,8660.0,major,False,0.0480290517190886,,0.0492773415272561,,460.0,5.609756097560981,  Transportation and material moving occupations,Summary,14204.6,14784.4,579.9,4.1,1830.0,42740.0,—,—,—,,7. Core Automotive,7. Core Automotive,0.006867142179064999,0.6867142179064999
8.0,"8. Motor Vehicle Parts, Materials, & Products Sales",Downstream,00-0000,"Total, all occupations",Summary,0.0,4805.4,600.0,2.8,4792.1,600.0,2.7,-13.299999999999985,2.0,1.0,1.0,"8. Motor Vehicle Parts, Materia",Total all occupations,103330.0,113190.0,major,True,,,,,9860.0,9.542243298170906,"Total, all occupations",Summary,169956.1,175167.9,5211.8,3.1,18863.3,49500.0,—,—,—,,"8. Motor Vehicle Parts, Materials, & Products Sales","8. Motor Vehicle Parts, Materials, & Products Sales",,
8.0,"8. Motor Vehicle Parts, Materials, & Products Sales",Downstream,11-0000,Management occupations,Summary,1.0,382.4,46.3,2.9,395.5,47.0,2.8,13.3,11.0,0.0795771423814875,0.0825316667014461,"8. Motor Vehicle Parts, Materia",Management Occupations,7570.0,8460.0,major,False,0.073260427755734,,0.0747812251392203,,890.0,11.756935270805812,  Management occupations,Summary,13607.6,14441.0,833.4,6.1,1147.9,122090.0,—,—,—,,"8. Motor Vehicle Parts, Materials, & Products Sales","8. Motor Vehicle Parts, Materials, & Products Sales",0.004795917242267203,0.4795917242267203
8.0,"8. Motor Vehicle Parts, Materials, & Products Sales",Downstream,13-0000,Business and financial operations occupations,Summary,1.0,202.1,23.0,1.8,213.9,23.7,1.8,11.9,18.6,0.0420568527073708,0.0446359633563573,"8. Motor Vehicle Parts, Materia",Business and Financial Operations Occupations,3740.0,4920.0,major,False,0.0361947159585793,,0.0434897905064969,,1180.0,31.550802139037422,  Business and financial operations occupations,Summary,11262.0,11848.9,586.9,5.2,942.5,80920.0,—,—,—,,"8. Motor Vehicle Parts, Materials, & Products Sales","8. Motor Vehicle Parts, Materials, & Products Sales",-0.0014329377991261008,-0.14329377991261008
8.0,"8. Motor Vehicle Parts, Materials, & Products Sales",Downstream,15-0000,Computer and mathematical occupations,Summary,1.0,65.7,7.3,1.2,68.30000000000001,7.3,1.1,2.5,-0.6999999999999993,0.0136721188662754,0.0142526241105152,"8. Motor Vehicle Parts, Materia",Computer and Mathematical Occupations,1340.0,1460.0,major,False,0.0129681602632342,,0.0129055069389198,,120.0,8.955223880597018,  Computer and mathematical occupations,Summary,5416.7,5962.3,545.6,10.1,355.4,105850.0,—,—,—,,"8. Motor Vehicle Parts, Materials, & Products Sales","8. Motor Vehicle Parts, Materials, & Products Sales",0.0007666119273556007,0.07666119273556007
8.0,"8. Motor Vehicle Parts, Materials, & Products Sales",Downstream,17-0000,Architecture and engineering occupations,Summary,1.0,48.0,5.8,1.8,52.4,6.2,2.0,4.3,43.9,0.0099887626420277,0.0109346633000146,"8. Motor Vehicle Parts, Materia",Architecture and Engineering Occupations,3200.0,5360.0,major,False,0.0309687409271266,,0.0473791213648015,,2160.0,67.5,  Architecture and engineering occupations,Summary,2648.4,2788.3,139.9,5.3,186.5,97310.0,—,—,—,,"8. Motor Vehicle Parts, Materials, & Products Sales","8. Motor Vehicle Parts, Materials, & Products Sales",-0.0373903587227738,-3.7390358722773795
8.0,"8. Motor Vehicle Parts, Materials, & Products Sales",Downstream,19-0000,"Life, physical, and social science occupations",Summary,1.0,7.1000000000000005,1.0,0.4,7.7,1.0,0.4,0.5,39.8,0.0014775044741332,0.0016068112101166,"8. Motor Vehicle Parts, Materia","Life, Physical, and Social Science Occupations",50.0,90.0,major,False,0.0004838865769863,,0.0007955449482895,,40.0,80.0,"  Life, physical, and social science occupations",Summary,1609.5,1690.4,80.9,5.0,144.7,78980.0,—,—,—,,"8. Motor Vehicle Parts, Materials, & Products Sales","8. Motor Vehicle Parts, Materials, & Products Sales",0.0006819595258437001,0.06819595258437
8.0,"8. Motor Vehicle Parts, Materials, & Products Sales",Downstream,23-0000,Legal occupations,Summary,1.0,2.0,0.2,0.1,2.2,0.2,0.1,0.0,15.2,0.0004161984434178,0.0004590889171761,"8. Motor Vehicle Parts, Materia",Legal Occupations,30.0,90.0,major,False,0.0002903319461918,,0.0007955449482895,,60.0,200.0,  Legal occupations,Summary,1418.2,1456.5,38.3,2.7,83.8,99990.0,—,—,—,,"8. Motor Vehicle Parts, Materials, & Products Sales","8. Motor Vehicle Parts, Materials, & Products Sales",-0.0003793465048717,-0.03793465048717
8.0,"8. Motor Vehicle Parts, Materials, & Products Sales",Downstream,25-0000,Educational instruction and library occupations,Summary,1.0,0.4,0.1,0.0,0.4,0.1,0.0,0.0,3.1,8.323968868356434e-05,8.347071221385197e-05,,,,,,,,,,,,,,,,,,,,,,,,,,"8. Motor Vehicle Parts, Materials, & Products Sales",,
8.0,"8. Motor Vehicle Parts, Materials, & Products Sales",Downstream,27-0000,"Arts, design, entertainment, sports, and media occupations",Summary,1.0,28.9,3.7,1.0,30.1,3.7,1.0,1.2,6.4,0.0060140675073875,0.0062811710940923,"8. Motor Vehicle Parts, Materia","Arts, Design, Entertainment, Sports, and Media Occupations",230.0,260.0,major,False,0.0022258782541372,,0.0022982409617254,,30.0,13.043478260869556,"  Arts, design, entertainment, sports, and media occupations",Summary,3021.1,3104.6,83.5,2.8,289.4,60140.0,—,—,—,,"8. Motor Vehicle Parts, Materials, & Products Sales","8. Motor Vehicle Parts, Materials, & Products Sales",0.0037158265456621,0.37158265456621
8.0,"8. Motor Vehicle Parts, Materials, & Products Sales",Downstream,29-0000,Healthcare practitioners and technical occupations,Summary,1.0,0.2,0.0,0.0,0.2,0.0,0.0,0.0,3.3,4.161984434178217e-05,4.173535610692598e-05,,,,,,,,,,,,,,,,,,,,,,,,,,"8. Motor Vehicle Parts, Materials, & Products Sales",,
8.0,"8. Motor Vehicle Parts, Materials, & Products Sales",Downstream,33-0000,Protective service occupations,Summary,1.0,2.6,0.3,0.0,2.4,0.3,0.0,-0.1,-27.4,0.0005410579764431,0.0005008242732831,"8. Motor Vehicle Parts, Materia",Protective Service Occupations,30.0,40.0,major,False,0.0002903319461918,,0.0003535755325731,,10.0,33.33333333333333,  Protective service occupations,Summary,3787.4,3816.6,29.1,0.8,423.6,50580.0,—,—,—,,"8. Motor Vehicle Parts, Materials, & Products Sales","8. Motor Vehicle Parts, Materials, & Products Sales",0.00018748244387000005,0.018748244387000006
8.0,"8. Motor Vehicle Parts, Materials, & Products Sales",Downstream,35-0000,Food preparation and serving related occupations,Summary,1.0,93.1,9.5,0.7,80.5,9.6,0.6,-12.6,0.7000000000000011,0.0193740375410996,0.0167984808330377,"8. Motor Vehicle Parts, Materia",Food Preparation and Serving Related Occupations,2370.0,2150.0,major,False,0.0229362237491532,,0.0190046848758065,,-220.0,-9.282700421940929,  Food preparation and serving related occupations,Summary,13805.3,14295.3,489.9,3.5,2625.8,34130.0,—,—,—,,"8. Motor Vehicle Parts, Materials, & Products Sales","8. Motor Vehicle Parts, Materials, & Products Sales",0.00036935266529309826,0.036935266529309826
8.0,"8. Motor Vehicle Parts, Materials, & Products Sales",Downstream,37-0000,Building and grounds cleaning and maintenance occupations,Summary,1.0,21.3,2.7,0.3,21.0,2.8,0.3,-0.3999999999999999,6.4,0.0044325134223998,0.0043822123912272,"8. Motor Vehicle Parts, Materia",Building and Grounds Cleaning and Maintenance Occupations,250.0,250.0,major,False,0.0024194328849317,,0.0022098470785821,,0.0,0.0,  Building and grounds cleaning and maintenance occupations,Summary,5715.9,5832.9,117.1,2.0,788.7,36790.0,—,—,—,,"8. Motor Vehicle Parts, Materials, & Products Sales","8. Motor Vehicle Parts, Materials, & Products Sales",0.0022226663438177,0.22226663438177
8.0,"8. Motor Vehicle Parts, Materials, & Products Sales",Downstream,39-0000,Personal care and service occupations,Summary,1.0,0.4,0.0,0.0,0.4,0.0,0.0,0.0,6.199999999999999,8.323968868356434e-05,8.347071221385197e-05,,,,,,,,,,,,,,,,,,,,,,,,,,"8. Motor Vehicle Parts, Materials, & Products Sales",,
8.0,"8. Motor Vehicle Parts, Materials, & Products Sales",Downstream,41-0000,Sales and related occupations,Summary,1.0,1660.4,197.0,11.4,1576.7,196.0,11.0,-83.39999999999999,-3.1000000000000014,0.3455279477254755,0.3290206798689509,"8. Motor Vehicle Parts, Materia",Sales and Related Occupations,39430.0,40610.0,major,False,0.3815929546114391,,0.3589675594448864,,1180.0,2.9926451940147203,  Sales and related occupations,Summary,14532.6,14234.8,-297.8,-2.0,1786.8,37460.0,—,—,—,,"8. Motor Vehicle Parts, Materials, & Products Sales","8. Motor Vehicle Parts, Materials, & Products Sales",-0.013439611719410882,-1.3439611719410882
8.0,"8. Motor Vehicle Parts, Materials, & Products Sales",Downstream,43-0000,Office and administrative support occupations,Summary,1.0,548.4,68.8,2.9,515.8,63.1,2.8,-32.6,-49.0,0.1141216131851667,0.107635483399762,"8. Motor Vehicle Parts, Materia",Office and Administrative Support Occupations,11040.0,9200.0,major,False,0.106842156198587,,0.0813223724918235,,-1840.0,-16.666666666666664,  Office and administrative support occupations,Summary,19325.2,18563.3,-761.9,-3.9,1996.8,46320.0,—,—,—,,"8. Motor Vehicle Parts, Materials, & Products Sales","8. Motor Vehicle Parts, Materials, & Products Sales",0.032799240693343196,3.2799240693343195
8.0,"8. Motor Vehicle Parts, Materials, & Products Sales",Downstream,45-0000,"Farming, fishing, and forestry occupations",Summary,1.0,26.200000000000003,4.7,2.5,27.5,4.9,2.7,1.2,18.4,0.0054521996087734,0.0057386114647023,,,,,,,,,,,,,,,,,,,,,,,,,,"8. Motor Vehicle Parts, Materials, & Products Sales",,
8.0,"8. Motor Vehicle Parts, Materials, & Products Sales",Downstream,47-0000,Construction and extraction occupations,Summary,1.0,31.0,2.6,0.3,32.5,2.6,0.3,1.4,17.0,0.0064510758729762,0.0067819953673754,"8. Motor Vehicle Parts, Materia",Construction and Extraction Occupations,180.0,420.0,major,False,0.0017419916771508,,0.003712543092018,,240.0,133.33333333333334,  Construction and extraction occupations,Summary,7574.7,7968.8,394.1,5.2,649.3,58360.0,—,—,—,,"8. Motor Vehicle Parts, Materials, & Products Sales","8. Motor Vehicle Parts, Materials, & Products Sales",0.0027385327809581997,0.27385327809582
8.0,"8. Motor Vehicle Parts, Materials, & Products Sales",Downstream,49-0000,"Installation, maintenance, and repair occupations",Summary,1.0,496.4,74.1,7.7,533.3000000000001,77.1,7.9,36.9,20.5,0.1033004536563033,0.1112873270591181,"8. Motor Vehicle Parts, Materia","Installation, Maintenance, and Repair Occupations",11260.0,12640.0,major,False,0.108971257137327,,0.1117298682931141,,1380.0,12.25577264653641,"  Installation, maintenance, and repair occupations",Summary,6492.9,6794.3,301.4,4.6,608.1,58230.0,—,—,—,,"8. Motor Vehicle Parts, Materials, & Products Sales","8. Motor Vehicle Parts, Materials, & Products Sales",-0.008429414636810795,-0.8429414636810795
8.0,"8. Motor Vehicle Parts, Materials, & Products Sales",Downstream,51-0000,Production occupations,Summary,1.0,227.4,25.3,2.6,234.6,25.1,2.6,6.9,0.1999999999999993,0.0473217630166063,0.0489555727134241,"8. Motor Vehicle Parts, Materia",Production Occupations,7840.0,7680.0,major,False,0.0758734152714603,,0.067886502254044,,-160.0,-2.0408163265306145,  Production occupations,Summary,9001.2,8901.6,-99.6,-1.1,963.4,45960.0,—,—,—,,"8. Motor Vehicle Parts, Materials, & Products Sales","8. Motor Vehicle Parts, Materials, & Products Sales",-0.020564739237437693,-2.0564739237437695
8.0,"8. Motor Vehicle Parts, Materials, & Products Sales",Downstream,53-0000,Transportation and material moving occupations,Summary,1.0,960.8,127.0,6.8,996.6,128.6,6.8,35.9,7.6,0.1999417322179215,0.2079672794808121,"8. Motor Vehicle Parts, Materia",Transportation and Material Moving Occupations,14770.0,19500.0,major,False,0.1429400948417691,,0.1723680721294086,,4730.0,32.02437373053486,  Transportation and material moving occupations,Summary,14204.6,14784.4,579.9,4.1,1830.0,42740.0,—,—,—,,"8. Motor Vehicle Parts, Materials, & Products Sales","8. Motor Vehicle Parts, Materials, & Products Sales",0.02757366008851289,2.7573660088512892
9.0,"9. Dealers, Maintenance, & Repair",Downstream,00-0000,"Total, all occupations",Summary,0.0,2323.3,200.0,1.4,2374.5,200.0,1.4,51.2,4.2,1.0,1.0,"9. Dealers, Maintenance, & Repa",Total all occupations,65940.0,69710.0,major,True,,,,,3770.0,5.717318774643609,"Total, all occupations",Summary,169956.1,175167.9,5211.8,3.1,18863.3,49500.0,—,—,—,,"9. Dealers, Maintenance, & Repair","9. Dealers, Maintenance, & Repair",,
9.0,"9. Dealers, Maintenance, & Repair",Downstream,11-0000,Management occupations,Summary,1.0,155.3,13.3,1.2,157.89999999999998,13.2,1.1,2.6,3.8,0.0668445745276115,0.0664982101495051,"9. Dealers, Maintenance, & Repa",Management Occupations,3220.0,4310.0,major,False,0.0488470873786407,,0.0618364418938307,,1090.0,33.85093167701862,  Management occupations,Summary,13607.6,14441.0,833.4,6.1,1147.9,122090.0,—,—,—,,"9. Dealers, Maintenance, & Repair","9. Dealers, Maintenance, & Repair",0.005008132633780797,0.5008132633780797
9.0,"9. Dealers, Maintenance, & Repair",Downstream,13-0000,Business and financial operations occupations,Summary,1.0,73.1,6.199999999999999,0.7,75.1,6.3,0.7,2.0,5.3,0.0314638660525975,0.031627711097073,"9. Dealers, Maintenance, & Repa",Business and Financial Operations Occupations,1570.0,1710.0,major,False,0.0238167475728155,,0.0245337159253945,,140.0,8.917197452229297,  Business and financial operations occupations,Summary,11262.0,11848.9,586.9,5.2,942.5,80920.0,—,—,—,,"9. Dealers, Maintenance, & Repair","9. Dealers, Maintenance, & Repair",0.006930150127203001,0.6930150127203001
9.0,"9. Dealers, Maintenance, & Repair",Downstream,15-0000,Computer and mathematical occupations,Summary,1.0,4.9,0.4,0.1,4.9,0.4,0.1,0.0,-2.1,0.0021090689966857,0.0020635923352284,"9. Dealers, Maintenance, & Repa",Computer and Mathematical Occupations,110.0,180.0,major,False,0.0016686893203883,,0.0025824964131994,,70.0,63.63636363636365,  Computer and mathematical occupations,Summary,5416.7,5962.3,545.6,10.1,355.4,105850.0,—,—,—,,"9. Dealers, Maintenance, & Repair","9. Dealers, Maintenance, & Repair",-0.00047342741651370005,-0.04734274165137001
9.0,"9. Dealers, Maintenance, & Repair",Downstream,17-0000,Architecture and engineering occupations,Summary,1.0,0.5,0.0,0.0,0.5,0.0,0.0,0.0,13.9,0.0002152111221107,0.0002105706464518,"9. Dealers, Maintenance, & Repa",Architecture and Engineering Occupations,,40.0,major,False,,,0.000573888091822,,,,  Architecture and engineering occupations,Summary,2648.4,2788.3,139.9,5.3,186.5,97310.0,—,—,—,,"9. Dealers, Maintenance, & Repair","9. Dealers, Maintenance, & Repair",-0.0003586769697113,-0.03586769697113
9.0,"9. Dealers, Maintenance, & Repair",Downstream,19-0000,"Life, physical, and social science occupations",Summary,1.0,0.1,0.0,0.0,0.2,0.0,0.0,0.0,12.2,4.3042224422158136e-05,8.422825858075385e-05,,,,,,,,,,,,,,,,,,,,,,,,,,"9. Dealers, Maintenance, & Repair",,
9.0,"9. Dealers, Maintenance, & Repair",Downstream,23-0000,Legal occupations,Summary,1.0,2.1,0.2,0.1,2.1,0.2,0.1,0.1,3.3,0.0009038867128653,0.0008843967150979,"9. Dealers, Maintenance, & Repa",Legal Occupations,40.0,70.0,major,False,0.0006067961165048,,0.0010043041606886,,30.0,75.0,  Legal occupations,Summary,1418.2,1456.5,38.3,2.7,83.8,99990.0,—,—,—,,"9. Dealers, Maintenance, & Repair","9. Dealers, Maintenance, & Repair",-0.00010041744782329992,-0.010041744782329992
9.0,"9. Dealers, Maintenance, & Repair",Downstream,27-0000,"Arts, design, entertainment, sports, and media occupations",Summary,1.0,2.8000000000000003,0.3,0.1,2.9,0.3,0.1,0.1,6.300000000000001,0.0012051822838204,0.0012213097494209,"9. Dealers, Maintenance, & Repa","Arts, Design, Entertainment, Sports, and Media Occupations",130.0,80.0,major,False,0.0019720873786407,,0.0011477761836441,,-50.0,-38.46153846153846,"  Arts, design, entertainment, sports, and media occupations",Summary,3021.1,3104.6,83.5,2.8,289.4,60140.0,—,—,—,,"9. Dealers, Maintenance, & Repair","9. Dealers, Maintenance, & Repair",5.740610017630006e-05,0.005740610017630006
9.0,"9. Dealers, Maintenance, & Repair",Downstream,33-0000,Protective service occupations,Summary,1.0,0.7,0.0,0.0,0.7,0.0,0.0,0.0,-9.9,0.0003012955709551,0.0002947989050326,"9. Dealers, Maintenance, & Repa",Protective Service Occupations,40.0,,major,False,0.0006067961165048,,,,,,  Protective service occupations,Summary,3787.4,3816.6,29.1,0.8,423.6,50580.0,—,—,—,,"9. Dealers, Maintenance, & Repair","9. Dealers, Maintenance, & Repair",,
9.0,"9. Dealers, Maintenance, & Repair",Downstream,35-0000,Food preparation and serving related occupations,Summary,1.0,0.6000000000000001,0.0,0.0,0.6000000000000001,0.0,0.0,0.0,6.3,0.0002582533465329,0.0002526847757422,,,,,,,,,,,,,,,,,,,,,,,,,,"9. Dealers, Maintenance, & Repair",,
9.0,"9. Dealers, Maintenance, & Repair",Downstream,37-0000,Building and grounds cleaning and maintenance occupations,Summary,1.0,12.9,1.1,0.2,13.4,1.1,0.2,0.4,6.199999999999999,0.0055524469504583,0.0056432933249105,"9. Dealers, Maintenance, & Repa",Building and Grounds Cleaning and Maintenance Occupations,510.0,330.0,major,False,0.0077366504854368,,0.0047345767575322,,-180.0,-35.29411764705882,  Building and grounds cleaning and maintenance occupations,Summary,5715.9,5832.9,117.1,2.0,788.7,36790.0,—,—,—,,"9. Dealers, Maintenance, & Repair","9. Dealers, Maintenance, & Repair",0.0008178701929260996,0.08178701929260997
9.0,"9. Dealers, Maintenance, & Repair",Downstream,39-0000,Personal care and service occupations,Summary,1.0,0.7,0.0,0.0,0.7,0.0,0.0,0.0,5.9,0.0003012955709551,0.0002947989050326,"9. Dealers, Maintenance, & Repa",Personal Care and Service Occupations,60.0,,major,False,0.0009101941747572,,,,,,  Personal care and service occupations,Summary,4464.1,4650.6,186.5,4.2,772.4,35110.0,—,—,—,,"9. Dealers, Maintenance, & Repair","9. Dealers, Maintenance, & Repair",,
9.0,"9. Dealers, Maintenance, & Repair",Downstream,41-0000,Sales and related occupations,Summary,1.0,478.3,38.2,3.3,489.1,38.1,3.4,10.7,2.0,0.2058709594111823,0.2059802063592335,"9. Dealers, Maintenance, & Repa",Sales and Related Occupations,13480.0,13810.0,major,False,0.2044902912621359,,0.1981348637015781,,330.0,2.448071216617209,  Sales and related occupations,Summary,14532.6,14234.8,-297.8,-2.0,1786.8,37460.0,—,—,—,,"9. Dealers, Maintenance, & Repair","9. Dealers, Maintenance, & Repair",0.007736095709604207,0.7736095709604207
9.0,"9. Dealers, Maintenance, & Repair",Downstream,43-0000,Office and administrative support occupations,Summary,1.0,290.4,24.6,1.5,273.5,22.700000000000003,1.5,-17.0,-11.7,0.1249946197219472,0.1151821436091808,"9. Dealers, Maintenance, & Repa",Office and Administrative Support Occupations,7000.0,8140.0,major,False,0.1061893203883495,,0.1167862266857962,,1140.0,16.28571428571428,  Office and administrative support occupations,Summary,19325.2,18563.3,-761.9,-3.9,1996.8,46320.0,—,—,—,,"9. Dealers, Maintenance, & Repair","9. Dealers, Maintenance, & Repair",0.008208393036150993,0.8208393036150994
9.0,"9. Dealers, Maintenance, & Repair",Downstream,47-0000,Construction and extraction occupations,Summary,1.0,2.4000000000000004,0.2,0.0,2.5,0.2,0.0,0.1,7.0,0.0010330133861317,0.0010528532322594,"9. Dealers, Maintenance, & Repa",Construction and Extraction Occupations,180.0,50.0,major,False,0.0027305825242718,,0.0007173601147776,,-130.0,-72.22222222222221,  Construction and extraction occupations,Summary,7574.7,7968.8,394.1,5.2,649.3,58360.0,—,—,—,,"9. Dealers, Maintenance, & Repair","9. Dealers, Maintenance, & Repair",0.00031565327135409994,0.03156532713540999
9.0,"9. Dealers, Maintenance, & Repair",Downstream,49-0000,"Installation, maintenance, and repair occupations",Summary,1.0,814.1,72.3,12.5,849.6,73.9,12.5,35.5,9.3,0.3504067490207894,0.3578016424510423,"9. Dealers, Maintenance, & Repa","Installation, Maintenance, and Repair Occupations",23290.0,25630.0,major,False,0.3533070388349514,,0.3677187948350072,,2340.0,10.047230571060538,"  Installation, maintenance, and repair occupations",Summary,6492.9,6794.3,301.4,4.6,608.1,58230.0,—,—,—,,"9. Dealers, Maintenance, & Repair","9. Dealers, Maintenance, & Repair",-0.017312045814217802,-1.7312045814217802
9.0,"9. Dealers, Maintenance, & Repair",Downstream,51-0000,Production occupations,Summary,1.0,49.2,4.6,0.6,50.2,4.6,0.6,1.1,3.2,0.0211767744157018,0.0211412929037692,"9. Dealers, Maintenance, & Repa",Production Occupations,1060.0,1200.0,major,False,0.0160800970873786,,0.0172166427546628,,140.0,13.207547169811315,  Production occupations,Summary,9001.2,8901.6,-99.6,-1.1,963.4,45960.0,—,—,—,,"9. Dealers, Maintenance, & Repair","9. Dealers, Maintenance, & Repair",0.003960131661039,0.3960131661039
9.0,"9. Dealers, Maintenance, & Repair",Downstream,53-0000,Transportation and material moving occupations,Summary,1.0,434.9,38.3,3.1,450.6,38.9,3.1,15.7,7.7,0.1871906340119657,0.1897662665824384,"9. Dealers, Maintenance, & Repa",Transportation and Material Moving Occupations,15230.0,14150.0,major,False,0.2310376213592233,,0.203012912482066,,-1080.0,-7.091267235718979,  Transportation and material moving occupations,Summary,14204.6,14784.4,579.9,4.1,1830.0,42740.0,—,—,—,,"9. Dealers, Maintenance, & Repair","9. Dealers, Maintenance, & Repair",-0.015822278470100287,-1.5822278470100288
10.0,10. Logistics,Downstream,00-0000,"Total, all occupations",Summary,0.0,1522.1,100.0,0.9,1543.1,100.0,0.9,21.0,1.4,1.0,1.0,10. Logistics,Total all occupations,46670.0,47470.0,major,True,,,,,800.0,1.7141632740518498,"Total, all occupations",Summary,169956.1,175167.9,5211.8,3.1,18863.3,49500.0,—,—,—,,10. Logistics,10. Logistics,,
10.0,10. Logistics,Downstream,11-0000,Management occupations,Summary,1.0,65.2,4.3,0.5,67.5,4.4,0.5,2.3,3.5,0.042835556139544,0.0437431145097531,10. Logistics,Management Occupations,1840.0,2520.0,major,False,0.039451114922813,,0.053175775480059,,680.0,36.95652173913045,  Management occupations,Summary,13607.6,14441.0,833.4,6.1,1147.9,122090.0,—,—,—,,10. Logistics,10. Logistics,-0.010340219340515003,-1.0340219340515002
10.0,10. Logistics,Downstream,13-0000,Business and financial operations occupations,Summary,1.0,33.6,2.2,0.3,35.1,2.3,0.3,1.5,4.5,0.022074765127127,0.0227464195450716,10. Logistics,Business and Financial Operations Occupations,540.0,2390.0,major,False,0.0115780445969125,,0.0504325807132306,,1850.0,342.5925925925925,  Business and financial operations occupations,Summary,11262.0,11848.9,586.9,5.2,942.5,80920.0,—,—,—,,10. Logistics,10. Logistics,-0.028357815586103598,-2.8357815586103596
10.0,10. Logistics,Downstream,15-0000,Computer and mathematical occupations,Summary,1.0,3.9,0.3,0.1,3.8,0.2,0.1,-0.1,-1.3,0.0025622495236843,0.0024625753353638,10. Logistics,Computer and Mathematical Occupations,,250.0,major,False,,,0.0052753745515931,,,,  Computer and mathematical occupations,Summary,5416.7,5962.3,545.6,10.1,355.4,105850.0,—,—,—,,10. Logistics,10. Logistics,-0.0027131250279088005,-0.27131250279088004
10.0,10. Logistics,Downstream,17-0000,Architecture and engineering occupations,Summary,1.0,0.5,0.0,0.0,0.5,0.0,0.0,0.0,8.1,0.0003284935286774,0.0003240230704426,,,,,,,,,,,,,,,,,,,,,,,,,,10. Logistics,,
10.0,10. Logistics,Downstream,19-0000,"Life, physical, and social science occupations",Summary,1.0,4.6,0.3,0.3,5.1,0.3,0.3,0.5,11.6,0.0030221404638328,0.0033050353185146,10. Logistics,"Life, Physical, and Social Science Occupations",170.0,150.0,major,False,0.0036449399656946,,0.0031652247309558,,-20.0,-11.764705882352944,"  Life, physical, and social science occupations",Summary,1609.5,1690.4,80.9,5.0,144.7,78980.0,—,—,—,,10. Logistics,10. Logistics,-0.0001430842671230003,-0.014308426712300029
10.0,10. Logistics,Downstream,23-0000,Legal occupations,Summary,1.0,0.1,0.0,0.0,0.1,0.0,0.0,0.0,1.3,6.569870573549701e-05,6.480461408852311e-05,,,,,,,,,,,,,,,,,,,,,,,,,,10. Logistics,,
10.0,10. Logistics,Downstream,25-0000,Educational instruction and library occupations,Summary,1.0,0.1,0.0,0.0,0.1,0.0,0.0,0.0,1.8,6.569870573549701e-05,6.480461408852311e-05,,,,,,,,,,,,,,,,,,,,,,,,,,10. Logistics,,
10.0,10. Logistics,Downstream,27-0000,"Arts, design, entertainment, sports, and media occupations",Summary,1.0,0.6,0.0,0.0,0.7,0.0,0.0,0.0,1.6,0.0003941922344129,0.0004536322986196,,,,,,,,,,,,,,,,,,,,,,,,,,10. Logistics,,
10.0,10. Logistics,Downstream,33-0000,Protective service occupations,Summary,1.0,1.9,0.1,0.1,1.8,0.1,0.0,-0.1,-4.8,0.0012482754089744,0.0011664830535934,10. Logistics,Protective Service Occupations,80.0,,major,False,0.0017152658662092,,,,,,  Protective service occupations,Summary,3787.4,3816.6,29.1,0.8,423.6,50580.0,—,—,—,,10. Logistics,10. Logistics,,
10.0,10. Logistics,Downstream,35-0000,Food preparation and serving related occupations,Summary,1.0,0.3,0.0,0.0,0.3,0.0,0.0,0.0,3.3,0.0001970961172064,0.0001944138422655,,,,,,,,,,,,,,,,,,,,,,,,,,10. Logistics,,
10.0,,,37-0000,,,,,,,,,,,,,,10. Logistics,Building and Grounds Cleaning and Maintenance Occupations,180.0,100.0,major,False,0.0038593481989708,,0.0021101498206372,,-80.0,-44.44444444444444,  Building and grounds cleaning and maintenance occupations,Summary,5715.9,5832.9,117.1,2.0,788.7,36790.0,—,—,—,,10. Logistics,10. Logistics,,
10.0,10. Logistics,Downstream,41-0000,Sales and related occupations,Summary,1.0,19.9,1.3,0.1,19.6,1.3,0.1,-0.3,-1.3,0.0130740424413639,0.0127017043613505,10. Logistics,Sales and Related Occupations,650.0,570.0,major,False,0.0139365351629502,,0.0120278539776324,,-80.0,-12.307692307692308,  Sales and related occupations,Summary,14532.6,14234.8,-297.8,-2.0,1786.8,37460.0,—,—,—,,10. Logistics,10. Logistics,0.0010461884637314994,0.10461884637314994
10.0,10. Logistics,Downstream,43-0000,Office and administrative support occupations,Summary,1.0,166.5,10.9,0.9,156.3,10.1,0.8,-10.2,-6.1,0.1093883450496025,0.1012896118203616,10. Logistics,Office and Administrative Support Occupations,5190.0,4950.0,major,False,0.1112778730703259,,0.1044524161215446,,-240.0,-4.6242774566473965,  Office and administrative support occupations,Summary,19325.2,18563.3,-761.9,-3.9,1996.8,46320.0,—,—,—,,10. Logistics,10. Logistics,0.0049359289280579005,0.49359289280579005
10.0,10. Logistics,Downstream,45-0000,"Farming, fishing, and forestry occupations",Summary,1.0,1.5,0.1,0.1,1.5,0.1,0.2,0.0,1.3,0.0009854805860324,0.0009720692113278,,,,,,,,,,,,,,,,,,,,,,,,,,10. Logistics,,
10.0,10. Logistics,Downstream,47-0000,Construction and extraction occupations,Summary,1.0,6.2,0.4,0.1,6.3,0.4,0.1,0.1,1.8,0.0040733197556008,0.0040826906875769,10. Logistics,Construction and Extraction Occupations,110.0,280.0,major,False,0.0023584905660377,,0.0059084194977843,,170.0,154.54545454545453,  Construction and extraction occupations,Summary,7574.7,7968.8,394.1,5.2,649.3,58360.0,—,—,—,,10. Logistics,10. Logistics,-0.0018350997421834993,-0.18350997421834994
10.0,10. Logistics,Downstream,49-0000,"Installation, maintenance, and repair occupations",Summary,1.0,77.8,5.1,1.2,79.2,5.1,1.2,1.4,1.8,0.0511135930622166,0.0513252543581103,10. Logistics,"Installation, Maintenance, and Repair Occupations",2290.0,2530.0,major,False,0.0490994854202401,,0.0533867904621228,,240.0,10.480349344978167,"  Installation, maintenance, and repair occupations",Summary,6492.9,6794.3,301.4,4.6,608.1,58230.0,—,—,—,,10. Logistics,10. Logistics,-0.002273197399906203,-0.2273197399906203
10.0,10. Logistics,Downstream,51-0000,Production occupations,Summary,1.0,3.1,0.2,0.0,3.1,0.2,0.0,0.0,0.3,0.0020366598778004,0.0020089430367442,10. Logistics,Production Occupations,330.0,,major,False,0.0070754716981132,,,,,,  Production occupations,Summary,9001.2,8901.6,-99.6,-1.1,963.4,45960.0,—,—,—,,10. Logistics,10. Logistics,,
10.0,10. Logistics,Downstream,53-0000,Transportation and material moving occupations,Summary,1.0,1132.9,74.4,8.0,1158.4,75.1,7.8,25.5,2.3,0.7443006372774458,0.7506966496014518,10. Logistics,Transportation and Material Moving Occupations,35260.0,33650.0,major,False,0.7560034305317325,,0.7100654146444397,,-1610.0,-4.566080544526374,  Transportation and material moving occupations,Summary,14204.6,14784.4,579.9,4.1,1830.0,42740.0,—,—,—,,10. Logistics,10. Logistics,0.034235222633006046,3.4235222633006046
,,,00-0000,,,,,,,,,,,,,,Total,Total all occupations,692750.0,724460.0,major,True,,,,,31710.0,4.577408877661493,"Total, all occupations",Summary,169956.1,175167.9,5211.8,3.1,18863.3,49500.0,—,—,—,,Total,Total,,
,,,11-0000,,,,,,,,,,,,,,Total,Management Occupations,,52590.0,major,False,,,0.0725990143431024,,,,  Management occupations,Summary,13607.6,14441.0,833.4,6.1,1147.9,122090.0,—,—,—,,Total,Total,,
,,,13-0000,,,,,,,,,,,,,,Total,Business and Financial Operations Occupations,,37300.0,major,False,,,0.0514915998288214,,,,  Business and financial operations occupations,Summary,11262.0,11848.9,586.9,5.2,942.5,80920.0,—,—,—,,Total,Total,,
,,,15-0000,,,,,,,,,,,,,,Total,Computer and Mathematical Occupations,,20350.0,major,False,,,0.0280926020513811,,,,  Computer and mathematical occupations,Summary,5416.7,5962.3,545.6,10.1,355.4,105850.0,—,—,—,,Total,Total,,
,,,17-0000,,,,,,,,,,,,,,Total,Architecture and Engineering Occupations,,85040.0,major,False,,,0.1173953257223319,,,,  Architecture and engineering occupations,Summary,2648.4,2788.3,139.9,5.3,186.5,97310.0,—,—,—,,Total,Total,,
,,,19-0000,,,,,,,,,,,,,,Total,"Life, Physical, and Social Science Occupations",,7950.0,major,False,,,0.0109747511699498,,,,"  Life, physical, and social science occupations",Summary,1609.5,1690.4,80.9,5.0,144.7,78980.0,—,—,—,,Total,Total,,
,,,21-0000,,,,,,,,,,,,,,Total,Community and Social Service Occupations,,110.0,major,False,,,0.0001518519029804,,,,  Community and social service occupations,Summary,3196.9,3409.2,212.3,6.6,313.7,57530.0,—,—,—,,Total,Total,,
,,,23-0000,,,,,,,,,,,,,,Total,Legal Occupations,,550.0,major,False,,,0.0007592595149021,,,,  Legal occupations,Summary,1418.2,1456.5,38.3,2.7,83.8,99990.0,—,—,—,,Total,Total,,
,,,25-0000,,,,,,,,,,,,,,Total,Educational Instruction and Library Occupations,,140.0,major,False,,,0.0001932660583387,,,,  Educational instruction and library occupations,Summary,9813.2,9875.4,62.2,0.6,890.3,59220.0,—,—,—,,Total,Total,,
,,,27-0000,,,,,,,,,,,,,,Total,"Arts, Design, Entertainment, Sports, and Media Occupations",,4270.0,major,False,,,0.0058946147793315,,,,"  Arts, design, entertainment, sports, and media occupations",Summary,3021.1,3104.6,83.5,2.8,289.4,60140.0,—,—,—,,Total,Total,,
,,,29-0000,,,,,,,,,,,,,,Total,Healthcare Practitioners and Technical Occupations,,1230.0,major,False,,,0.0016979803696903,,,,  Healthcare practitioners and technical occupations,Summary,10067.5,10794.4,726.9,7.2,634.9,83090.0,—,—,—,,Total,Total,,
,,,31-0000,,,,,,,,,,,,,,Total,Healthcare Support Occupations,,110.0,major,False,,,0.0001518519029804,,,,  Healthcare support occupations,Summary,7982.8,8971.1,988.3,12.4,1286.7,37180.0,—,—,—,,Total,Total,,
,,,33-0000,,,,,,,,,,,,,,Total,Protective Service Occupations,,390.0,major,False,,,0.0005383840196579,,,,  Protective service occupations,Summary,3787.4,3816.6,29.1,0.8,423.6,50580.0,—,—,—,,Total,Total,,
,,,35-0000,,,,,,,,,,,,,,Total,Food Preparation and Serving Related Occupations,,2180.0,major,False,,,0.0030094286227032,,,,  Food preparation and serving related occupations,Summary,13805.3,14295.3,489.9,3.5,2625.8,34130.0,—,—,—,,Total,Total,,
,,,37-0000,,,,,,,,,,,,,,Total,Building and Grounds Cleaning and Maintenance Occupations,,2470.0,major,False,,,0.0034097654578334,,,,  Building and grounds cleaning and maintenance occupations,Summary,5715.9,5832.9,117.1,2.0,788.7,36790.0,—,—,—,,Total,Total,,
,,,39-0000,,,,,,,,,,,,,,Total,Personal Care and Service Occupations,,40.0,major,False,,,5.521887381106863e-05,,,,  Personal care and service occupations,Summary,4464.1,4650.6,186.5,4.2,772.4,35110.0,—,—,—,,Total,Total,,
,,,41-0000,,,,,,,,,,,,,,Total,Sales and Related Occupations,,63000.0,major,False,,,0.086969726252433,,,,  Sales and related occupations,Summary,14532.6,14234.8,-297.8,-2.0,1786.8,37460.0,—,—,—,,Total,Total,,
,,,43-0000,,,,,,,,,,,,,,Total,Office and Administrative Support Occupations,,49040.0,major,False,,,0.0676983392923701,,,,  Office and administrative support occupations,Summary,19325.2,18563.3,-761.9,-3.9,1996.8,46320.0,—,—,—,,Total,Total,,
,,,47-0000,,,,,,,,,,,,,,Total,Construction and Extraction Occupations,,8130.0,major,False,,,0.0112232361020996,,,,  Construction and extraction occupations,Summary,7574.7,7968.8,394.1,5.2,649.3,58360.0,—,—,—,,Total,Total,,
,,,49-0000,,,,,,,,,,,,,,Total,"Installation, Maintenance, and Repair Occupations",,57830.0,major,False,,,0.0798326868123524,,,,"  Installation, maintenance, and repair occupations",Summary,6492.9,6794.3,301.4,4.6,608.1,58230.0,—,—,—,,Total,Total,,
,,,51-0000,,,,,,,,,,,,,,Total,Production Occupations,,246340.0,major,False,,,0.3400654343654661,,,,  Production occupations,Summary,9001.2,8901.6,-99.6,-1.1,963.4,45960.0,—,—,—,,Total,Total,,
,,,53-0000,,,,,,,,,,,,,,Total,Transportation and Material Moving Occupations,,85330.0,major,False,,,0.1177956625574621,,,,  Transportation and material moving occupations,Summary,14204.6,14784.4,579.9,4.1,1830.0,42740.0,—,—,—,,Total,Total,,
