naics_code,segment_id,segment_name,stage,year,employment_qcew_raw,share_to_set,employment_adj
3252,1,Materials & Processing - Non-Metals,Upstream,2001,4283.0,0.09,385.46999999999997
3252,1,Materials & Processing - Non-Metals,Upstream,2002,3978.0,0.09,358.02
3252,1,Materials & Processing - Non-Metals,Upstream,2003,3895.0,0.09,350.55
3252,1,Materials & Processing - Non-Metals,Upstream,2004,3832.0,0.09,344.88
3252,1,Materials & Processing - Non-Metals,Upstream,2005,6830.0,0.09,614.6999999999999
3252,1,Materials & Processing - Non-Metals,Upstream,2006,6783.0,0.09,610.47
3252,1,Materials & Processing - Non-Metals,Upstream,2007,6779.0,0.09,610.11
3252,1,Materials & Processing - Non-Metals,Upstream,2008,6769.0,0.09,609.2099999999999
3252,1,Materials & Processing - Non-Metals,Upstream,2009,6523.0,0.09,587.0699999999999
3252,1,Materials & Processing - Non-Metals,Upstream,2010,6533.0,0.09,587.97
3252,1,Materials & Processing - Non-Metals,Upstream,2011,6916.0,0.09,622.4399999999999
3252,1,Materials & Processing - Non-Metals,Upstream,2012,7097.0,0.09,638.73
3252,1,Materials & Processing - Non-Metals,Upstream,2013,6984.0,0.09,628.56
3252,1,Materials & Processing - Non-Metals,Upstream,2014,6953.0,0.09,625.77
3252,1,Materials & Processing - Non-Metals,Upstream,2015,6829.0,0.09,614.61
3252,1,Materials & Processing - Non-Metals,Upstream,2016,6811.0,0.09,612.99
3252,1,Materials & Processing - Non-Metals,Upstream,2017,6837.0,0.09,615.3299999999999
3252,1,Materials & Processing - Non-Metals,Upstream,2018,7265.0,0.09,653.85
3252,1,Materials & Processing - Non-Metals,Upstream,2019,7361.0,0.09,662.49
3252,1,Materials & Processing - Non-Metals,Upstream,2020,6140.0,0.09,552.6
3252,1,Materials & Processing - Non-Metals,Upstream,2021,5947.0,0.09,535.23
3252,1,Materials & Processing - Non-Metals,Upstream,2022,5713.0,0.09,514.17
3252,1,Materials & Processing - Non-Metals,Upstream,2023,5346.0,0.09,481.14
3252,1,Materials & Processing - Non-Metals,Upstream,2024,5524.0,0.09,497.15999999999997
3255,1,Materials & Processing - Coatings & Surface Treatments,Upstream,2001,4166.0,0.56,2332.96
3255,1,Materials & Processing - Coatings & Surface Treatments,Upstream,2002,4122.0,0.56,2308.32
3255,1,Materials & Processing - Coatings & Surface Treatments,Upstream,2003,4023.0,0.56,2252.88
3255,1,Materials & Processing - Coatings & Surface Treatments,Upstream,2004,3984.0,0.56,2231.0400000000004
3255,1,Materials & Processing - Coatings & Surface Treatments,Upstream,2005,3423.0,0.56,1916.88
3255,1,Materials & Processing - Coatings & Surface Treatments,Upstream,2006,3299.0,0.56,1847.4400000000003
3255,1,Materials & Processing - Coatings & Surface Treatments,Upstream,2007,3260.0,0.56,1825.6000000000001
3255,1,Materials & Processing - Coatings & Surface Treatments,Upstream,2008,3024.0,0.56,1693.44
3255,1,Materials & Processing - Coatings & Surface Treatments,Upstream,2009,2493.0,0.56,1396.0800000000002
3255,1,Materials & Processing - Coatings & Surface Treatments,Upstream,2010,2425.0,0.56,1358.0000000000002
3255,1,Materials & Processing - Coatings & Surface Treatments,Upstream,2011,2788.0,0.56,1561.2800000000002
3255,1,Materials & Processing - Coatings & Surface Treatments,Upstream,2012,3204.0,0.56,1794.2400000000002
3255,1,Materials & Processing - Coatings & Surface Treatments,Upstream,2013,3434.0,0.56,1923.0400000000002
3255,1,Materials & Processing - Coatings & Surface Treatments,Upstream,2014,4088.0,0.56,2289.28
3255,1,Materials & Processing - Coatings & Surface Treatments,Upstream,2015,4233.0,0.56,2370.48
3255,1,Materials & Processing - Coatings & Surface Treatments,Upstream,2016,4529.0,0.56,2536.2400000000002
3255,1,Materials & Processing - Coatings & Surface Treatments,Upstream,2017,4730.0,0.56,2648.8
3255,1,Materials & Processing - Coatings & Surface Treatments,Upstream,2018,4874.0,0.56,2729.44
3255,1,Materials & Processing - Coatings & Surface Treatments,Upstream,2019,5075.0,0.56,2842.0000000000005
3255,1,Materials & Processing - Coatings & Surface Treatments,Upstream,2020,4665.0,0.56,2612.4
3255,1,Materials & Processing - Coatings & Surface Treatments,Upstream,2021,4581.0,0.56,2565.36
3255,1,Materials & Processing - Coatings & Surface Treatments,Upstream,2022,4616.0,0.56,2584.96
3255,1,Materials & Processing - Coatings & Surface Treatments,Upstream,2023,4502.0,0.56,2521.1200000000003
3255,1,Materials & Processing - Coatings & Surface Treatments,Upstream,2024,4347.0,0.56,2434.32
3261,1,Materials & Processing - Non-Metals,Upstream,2001,39596.0,0.31,12274.76
3261,1,Materials & Processing - Non-Metals,Upstream,2002,37337.0,0.31,11574.47
3261,1,Materials & Processing - Non-Metals,Upstream,2003,37603.0,0.31,11656.93
3261,1,Materials & Processing - Non-Metals,Upstream,2004,37601.0,0.31,11656.31
3261,1,Materials & Processing - Non-Metals,Upstream,2005,37192.0,0.31,11529.52
3261,1,Materials & Processing - Non-Metals,Upstream,2006,36426.0,0.31,11292.06
3261,1,Materials & Processing - Non-Metals,Upstream,2007,34146.0,0.31,10585.26
3261,1,Materials & Processing - Non-Metals,Upstream,2008,32035.0,0.31,9930.85
3261,1,Materials & Processing - Non-Metals,Upstream,2009,23383.0,0.31,7248.73
3261,1,Materials & Processing - Non-Metals,Upstream,2010,25893.0,0.31,8026.83
3261,1,Materials & Processing - Non-Metals,Upstream,2011,27933.0,0.31,8659.23
3261,1,Materials & Processing - Non-Metals,Upstream,2012,29702.0,0.31,9207.62
3261,1,Materials & Processing - Non-Metals,Upstream,2013,30912.0,0.31,9582.72
3261,1,Materials & Processing - Non-Metals,Upstream,2014,33179.0,0.31,10285.49
3261,1,Materials & Processing - Non-Metals,Upstream,2015,34248.0,0.31,10616.88
3261,1,Materials & Processing - Non-Metals,Upstream,2016,35966.0,0.31,11149.46
3261,1,Materials & Processing - Non-Metals,Upstream,2017,36296.0,0.31,11251.76
3261,1,Materials & Processing - Non-Metals,Upstream,2018,36820.0,0.31,11414.2
3261,1,Materials & Processing - Non-Metals,Upstream,2019,36932.0,0.31,11448.92
3261,1,Materials & Processing - Non-Metals,Upstream,2020,31852.0,0.31,9874.12
3261,1,Materials & Processing - Non-Metals,Upstream,2021,33451.0,0.31,10369.81
3261,1,Materials & Processing - Non-Metals,Upstream,2022,34540.0,0.31,10707.4
3261,1,Materials & Processing - Non-Metals,Upstream,2023,34599.0,0.31,10725.69
3261,1,Materials & Processing - Non-Metals,Upstream,2024,34371.0,0.31,10655.01
3262,1,Materials & Processing - Non-Metals,Upstream,2001,6288.0,0.67,4212.96
3262,1,Materials & Processing - Non-Metals,Upstream,2002,5751.0,0.67,3853.17
3262,1,Materials & Processing - Non-Metals,Upstream,2003,5552.0,0.67,3719.84
3262,1,Materials & Processing - Non-Metals,Upstream,2004,5594.0,0.67,3747.98
3262,1,Materials & Processing - Non-Metals,Upstream,2005,5446.0,0.67,3648.82
3262,1,Materials & Processing - Non-Metals,Upstream,2006,5353.0,0.67,3586.51
3262,1,Materials & Processing - Non-Metals,Upstream,2007,4864.0,0.67,3258.88
3262,1,Materials & Processing - Non-Metals,Upstream,2008,4552.0,0.67,3049.84
3262,1,Materials & Processing - Non-Metals,Upstream,2009,3601.0,0.67,2412.67
3262,1,Materials & Processing - Non-Metals,Upstream,2010,4054.0,0.67,2716.1800000000003
3262,1,Materials & Processing - Non-Metals,Upstream,2011,4131.0,0.67,2767.77
3262,1,Materials & Processing - Non-Metals,Upstream,2012,4533.0,0.67,3037.11
3262,1,Materials & Processing - Non-Metals,Upstream,2013,5260.0,0.67,3524.2000000000003
3262,1,Materials & Processing - Non-Metals,Upstream,2014,5416.0,0.67,3628.7200000000003
3262,1,Materials & Processing - Non-Metals,Upstream,2015,5464.0,0.67,3660.88
3262,1,Materials & Processing - Non-Metals,Upstream,2016,5602.0,0.67,3753.34
3262,1,Materials & Processing - Non-Metals,Upstream,2017,5926.0,0.67,3970.42
3262,1,Materials & Processing - Non-Metals,Upstream,2018,6003.0,0.67,4022.01
3262,1,Materials & Processing - Non-Metals,Upstream,2019,5560.0,0.67,3725.2000000000003
3262,1,Materials & Processing - Non-Metals,Upstream,2020,4805.0,0.67,3219.3500000000004
3262,1,Materials & Processing - Non-Metals,Upstream,2021,5111.0,0.67,3424.3700000000003
3262,1,Materials & Processing - Non-Metals,Upstream,2022,5066.0,0.67,3394.2200000000003
3262,1,Materials & Processing - Non-Metals,Upstream,2023,5350.0,0.67,3584.5
3262,1,Materials & Processing - Non-Metals,Upstream,2024,5147.0,0.67,3448.4900000000002
3272,1,Materials & Processing - Non-Metals,Upstream,2001,8879.0,0.58,5149.82
3272,1,Materials & Processing - Non-Metals,Upstream,2002,8436.0,0.58,4892.88
3272,1,Materials & Processing - Non-Metals,Upstream,2003,8200.0,0.58,4756.0
3272,1,Materials & Processing - Non-Metals,Upstream,2004,7302.0,0.58,4235.16
3272,1,Materials & Processing - Non-Metals,Upstream,2005,7177.0,0.58,4162.66
3272,1,Materials & Processing - Non-Metals,Upstream,2006,6099.0,0.58,3537.4199999999996
3272,1,Materials & Processing - Non-Metals,Upstream,2007,5640.0,0.58,3271.2
3272,1,Materials & Processing - Non-Metals,Upstream,2008,5326.0,0.58,3089.08
3272,1,Materials & Processing - Non-Metals,Upstream,2009,4334.0,0.58,2513.72
3272,1,Materials & Processing - Non-Metals,Upstream,2010,4258.0,0.58,2469.64
3272,1,Materials & Processing - Non-Metals,Upstream,2011,4210.0,0.58,2441.7999999999997
3272,1,Materials & Processing - Non-Metals,Upstream,2012,3022.0,0.58,1752.76
3272,1,Materials & Processing - Non-Metals,Upstream,2013,2881.0,0.58,1670.9799999999998
3272,1,Materials & Processing - Non-Metals,Upstream,2014,3055.0,0.58,1771.8999999999999
3272,1,Materials & Processing - Non-Metals,Upstream,2015,3310.0,0.58,1919.8
3272,1,Materials & Processing - Non-Metals,Upstream,2016,3049.0,0.58,1768.4199999999998
3272,1,Materials & Processing - Non-Metals,Upstream,2017,2970.0,0.58,1722.6
3272,1,Materials & Processing - Non-Metals,Upstream,2018,3185.0,0.58,1847.3
3272,1,Materials & Processing - Non-Metals,Upstream,2019,3279.0,0.58,1901.82
3272,1,Materials & Processing - Non-Metals,Upstream,2020,2788.0,0.58,1617.04
3272,1,Materials & Processing - Non-Metals,Upstream,2021,2848.0,0.58,1651.84
3272,1,Materials & Processing - Non-Metals,Upstream,2022,2815.0,0.58,1632.6999999999998
3272,1,Materials & Processing - Non-Metals,Upstream,2023,2803.0,0.58,1625.7399999999998
3272,1,Materials & Processing - Non-Metals,Upstream,2024,2802.0,0.58,1625.1599999999999
3311,1,Materials & Processing - Metals,Upstream,2001,7341.0,0.54,3964.1400000000003
3311,1,Materials & Processing - Metals,Upstream,2002,7068.0,0.54,3816.7200000000003
3311,1,Materials & Processing - Metals,Upstream,2003,6615.0,0.54,3572.1000000000004
3311,1,Materials & Processing - Metals,Upstream,2004,5963.0,0.54,3220.0200000000004
3311,1,Materials & Processing - Metals,Upstream,2005,5776.0,0.54,3119.0400000000004
3311,1,Materials & Processing - Metals,Upstream,2006,5754.0,0.54,3107.1600000000003
3311,1,Materials & Processing - Metals,Upstream,2007,5937.0,0.54,3205.98
3311,1,Materials & Processing - Metals,Upstream,2008,5965.0,0.54,3221.1000000000004
3311,1,Materials & Processing - Metals,Upstream,2009,4547.0,0.54,2455.38
3311,1,Materials & Processing - Metals,Upstream,2010,5155.0,0.54,2783.7000000000003
3311,1,Materials & Processing - Metals,Upstream,2011,6303.0,0.54,3403.6200000000003
3311,1,Materials & Processing - Metals,Upstream,2012,6107.0,0.54,3297.78
3311,1,Materials & Processing - Metals,Upstream,2013,5981.0,0.54,3229.7400000000002
3311,1,Materials & Processing - Metals,Upstream,2014,6002.0,0.54,3241.0800000000004
3311,1,Materials & Processing - Metals,Upstream,2015,5523.0,0.54,2982.42
3311,1,Materials & Processing - Metals,Upstream,2016,5258.0,0.54,2839.32
3311,1,Materials & Processing - Metals,Upstream,2017,5169.0,0.54,2791.26
3311,1,Materials & Processing - Metals,Upstream,2018,5228.0,0.54,2823.1200000000003
3311,1,Materials & Processing - Metals,Upstream,2019,5155.0,0.54,2783.7000000000003
3311,1,Materials & Processing - Metals,Upstream,2020,3763.0,0.54,2032.0200000000002
3311,1,Materials & Processing - Metals,Upstream,2021,3358.0,0.54,1813.3200000000002
3311,1,Materials & Processing - Metals,Upstream,2022,3270.0,0.54,1765.8000000000002
3311,1,Materials & Processing - Metals,Upstream,2023,3369.0,0.54,1819.2600000000002
3311,1,Materials & Processing - Metals,Upstream,2024,3258.0,0.54,1759.3200000000002
3312,1,Materials & Processing - Metals,Upstream,2001,3124.0,0.46,1437.04
3312,1,Materials & Processing - Metals,Upstream,2002,2591.0,0.46,1191.8600000000001
3312,1,Materials & Processing - Metals,Upstream,2003,2399.0,0.46,1103.54
3312,1,Materials & Processing - Metals,Upstream,2004,2547.0,0.46,1171.6200000000001
3312,1,Materials & Processing - Metals,Upstream,2005,2632.0,0.46,1210.72
3312,1,Materials & Processing - Metals,Upstream,2006,2454.0,0.46,1128.8400000000001
3312,1,Materials & Processing - Metals,Upstream,2007,2379.0,0.46,1094.3400000000001
3312,1,Materials & Processing - Metals,Upstream,2008,1953.0,0.46,898.38
3312,1,Materials & Processing - Metals,Upstream,2009,1366.0,0.46,628.36
3312,1,Materials & Processing - Metals,Upstream,2010,1450.0,0.46,667.0
3312,1,Materials & Processing - Metals,Upstream,2011,1561.0,0.46,718.0600000000001
3312,1,Materials & Processing - Metals,Upstream,2012,1604.0,0.46,737.84
3312,1,Materials & Processing - Metals,Upstream,2013,1617.0,0.46,743.82
3312,1,Materials & Processing - Metals,Upstream,2014,1671.0,0.46,768.6600000000001
3312,1,Materials & Processing - Metals,Upstream,2015,1747.0,0.46,803.62
3312,1,Materials & Processing - Metals,Upstream,2016,1751.0,0.46,805.46
3312,1,Materials & Processing - Metals,Upstream,2017,1789.0,0.46,822.94
3312,1,Materials & Processing - Metals,Upstream,2018,1790.0,0.46,823.4000000000001
3312,1,Materials & Processing - Metals,Upstream,2019,1745.0,0.46,802.7
3312,1,Materials & Processing - Metals,Upstream,2020,1711.0,0.46,787.0600000000001
3312,1,Materials & Processing - Metals,Upstream,2021,1747.0,0.46,803.62
3312,1,Materials & Processing - Metals,Upstream,2022,1824.0,0.46,839.0400000000001
3312,1,Materials & Processing - Metals,Upstream,2023,1965.0,0.46,903.9000000000001
3312,1,Materials & Processing - Metals,Upstream,2024,1974.0,0.46,908.0400000000001
3313,1,Materials & Processing - Metals,Upstream,2001,2167.0,0.37,801.79
3313,1,Materials & Processing - Metals,Upstream,2002,1742.0,0.37,644.54
3313,1,Materials & Processing - Metals,Upstream,2003,1861.0,0.37,688.5699999999999
3313,1,Materials & Processing - Metals,Upstream,2004,1893.0,0.37,700.41
3313,1,Materials & Processing - Metals,Upstream,2005,1658.0,0.37,613.46
3313,1,Materials & Processing - Metals,Upstream,2006,1713.0,0.37,633.81
3313,1,Materials & Processing - Metals,Upstream,2007,1731.0,0.37,640.47
3313,1,Materials & Processing - Metals,Upstream,2008,1727.0,0.37,638.99
3313,1,Materials & Processing - Metals,Upstream,2009,1624.0,0.37,600.88
3313,1,Materials & Processing - Metals,Upstream,2010,1652.0,0.37,611.24
3313,1,Materials & Processing - Metals,Upstream,2011,1817.0,0.37,672.29
3313,1,Materials & Processing - Metals,Upstream,2012,1807.0,0.37,668.59
3313,1,Materials & Processing - Metals,Upstream,2013,2343.0,0.37,866.91
3313,1,Materials & Processing - Metals,Upstream,2014,2498.0,0.37,924.26
3313,1,Materials & Processing - Metals,Upstream,2015,3148.0,0.37,1164.76
3313,1,Materials & Processing - Metals,Upstream,2016,3229.0,0.37,1194.73
3313,1,Materials & Processing - Metals,Upstream,2017,3434.0,0.37,1270.58
3313,1,Materials & Processing - Metals,Upstream,2018,3436.0,0.37,1271.32
3313,1,Materials & Processing - Metals,Upstream,2019,3361.0,0.37,1243.57
3313,1,Materials & Processing - Metals,Upstream,2020,2706.0,0.37,1001.22
3313,1,Materials & Processing - Metals,Upstream,2021,2811.0,0.37,1040.07
3313,1,Materials & Processing - Metals,Upstream,2022,2851.0,0.37,1054.87
3313,1,Materials & Processing - Metals,Upstream,2023,2719.0,0.37,1006.03
3313,1,Materials & Processing - Metals,Upstream,2024,2698.0,0.37,998.26
3314,1,Materials & Processing - Metals,Upstream,2001,2746.0,0.39,1070.94
3314,1,Materials & Processing - Metals,Upstream,2002,2347.0,0.39,915.33
3314,1,Materials & Processing - Metals,Upstream,2003,2260.0,0.39,881.4
3314,1,Materials & Processing - Metals,Upstream,2004,2335.0,0.39,910.65
3314,1,Materials & Processing - Metals,Upstream,2005,2336.0,0.39,911.0400000000001
3314,1,Materials & Processing - Metals,Upstream,2006,2184.0,0.39,851.76
3314,1,Materials & Processing - Metals,Upstream,2007,2105.0,0.39,820.95
3314,1,Materials & Processing - Metals,Upstream,2008,1920.0,0.39,748.8000000000001
3314,1,Materials & Processing - Metals,Upstream,2009,1357.0,0.39,529.23
3314,1,Materials & Processing - Metals,Upstream,2010,1387.0,0.39,540.9300000000001
3314,1,Materials & Processing - Metals,Upstream,2011,1412.0,0.39,550.6800000000001
3314,1,Materials & Processing - Metals,Upstream,2012,1366.0,0.39,532.74
3314,1,Materials & Processing - Metals,Upstream,2013,1393.0,0.39,543.27
3314,1,Materials & Processing - Metals,Upstream,2014,1406.0,0.39,548.34
3314,1,Materials & Processing - Metals,Upstream,2015,1398.0,0.39,545.22
3314,1,Materials & Processing - Metals,Upstream,2016,1353.0,0.39,527.6700000000001
3314,1,Materials & Processing - Metals,Upstream,2017,1376.0,0.39,536.64
3314,1,Materials & Processing - Metals,Upstream,2018,1414.0,0.39,551.46
3314,1,Materials & Processing - Metals,Upstream,2019,1425.0,0.39,555.75
3314,1,Materials & Processing - Metals,Upstream,2020,1246.0,0.39,485.94
3314,1,Materials & Processing - Metals,Upstream,2021,1183.0,0.39,461.37
3314,1,Materials & Processing - Metals,Upstream,2022,1203.0,0.39,469.17
3314,1,Materials & Processing - Metals,Upstream,2023,1218.0,0.39,475.02000000000004
3314,1,Materials & Processing - Metals,Upstream,2024,1262.0,0.39,492.18
3328,1,Materials & Processing - Coatings & Surface Treatments,Upstream,2001,17977.0,0.34,6112.18
3328,1,Materials & Processing - Coatings & Surface Treatments,Upstream,2002,16786.0,0.34,5707.240000000001
3328,1,Materials & Processing - Coatings & Surface Treatments,Upstream,2003,16067.0,0.34,5462.780000000001
3328,1,Materials & Processing - Coatings & Surface Treatments,Upstream,2004,16021.0,0.34,5447.14
3328,1,Materials & Processing - Coatings & Surface Treatments,Upstream,2005,16076.0,0.34,5465.84
3328,1,Materials & Processing - Coatings & Surface Treatments,Upstream,2006,15555.0,0.34,5288.700000000001
3328,1,Materials & Processing - Coatings & Surface Treatments,Upstream,2007,15298.0,0.34,5201.320000000001
3328,1,Materials & Processing - Coatings & Surface Treatments,Upstream,2008,14322.0,0.34,4869.4800000000005
3328,1,Materials & Processing - Coatings & Surface Treatments,Upstream,2009,10392.0,0.34,3533.28
3328,1,Materials & Processing - Coatings & Surface Treatments,Upstream,2010,11330.0,0.34,3852.2000000000003
3328,1,Materials & Processing - Coatings & Surface Treatments,Upstream,2011,12775.0,0.34,4343.5
3328,1,Materials & Processing - Coatings & Surface Treatments,Upstream,2012,13777.0,0.34,4684.18
3328,1,Materials & Processing - Coatings & Surface Treatments,Upstream,2013,13936.0,0.34,4738.240000000001
3328,1,Materials & Processing - Coatings & Surface Treatments,Upstream,2014,14419.0,0.34,4902.46
3328,1,Materials & Processing - Coatings & Surface Treatments,Upstream,2015,14082.0,0.34,4787.88
3328,1,Materials & Processing - Coatings & Surface Treatments,Upstream,2016,13687.0,0.34,4653.58
3328,1,Materials & Processing - Coatings & Surface Treatments,Upstream,2017,13699.0,0.34,4657.660000000001
3328,1,Materials & Processing - Coatings & Surface Treatments,Upstream,2018,13709.0,0.34,4661.06
3328,1,Materials & Processing - Coatings & Surface Treatments,Upstream,2019,13698.0,0.34,4657.320000000001
3328,1,Materials & Processing - Coatings & Surface Treatments,Upstream,2020,11274.0,0.34,3833.1600000000003
3328,1,Materials & Processing - Coatings & Surface Treatments,Upstream,2021,11480.0,0.34,3903.2000000000003
3328,1,Materials & Processing - Coatings & Surface Treatments,Upstream,2022,11391.0,0.34,3872.94
3328,1,Materials & Processing - Coatings & Surface Treatments,Upstream,2023,11698.0,0.34,3977.32
3328,1,Materials & Processing - Coatings & Surface Treatments,Upstream,2024,11221.0,0.34,3815.1400000000003
3335,2,Equipment Manufacturing,Upstream,2001,49161.0,0.25,12290.25
3335,2,Equipment Manufacturing,Upstream,2002,43233.0,0.25,10808.25
3335,2,Equipment Manufacturing,Upstream,2003,41612.0,0.25,10403.0
3335,2,Equipment Manufacturing,Upstream,2004,40652.0,0.25,10163.0
3335,2,Equipment Manufacturing,Upstream,2005,39706.0,0.25,9926.5
3335,2,Equipment Manufacturing,Upstream,2006,38592.0,0.25,9648.0
3335,2,Equipment Manufacturing,Upstream,2007,36126.0,0.25,9031.5
3335,2,Equipment Manufacturing,Upstream,2008,34551.0,0.25,8637.75
3335,2,Equipment Manufacturing,Upstream,2009,27570.0,0.25,6892.5
3335,2,Equipment Manufacturing,Upstream,2010,28820.0,0.25,7205.0
3335,2,Equipment Manufacturing,Upstream,2011,32010.0,0.25,8002.5
3335,2,Equipment Manufacturing,Upstream,2012,35272.0,0.25,8818.0
3335,2,Equipment Manufacturing,Upstream,2013,35902.0,0.25,8975.5
3335,2,Equipment Manufacturing,Upstream,2014,36405.0,0.25,9101.25
3335,2,Equipment Manufacturing,Upstream,2015,37169.0,0.25,9292.25
3335,2,Equipment Manufacturing,Upstream,2016,37389.0,0.25,9347.25
3335,2,Equipment Manufacturing,Upstream,2017,38120.0,0.25,9530.0
3335,2,Equipment Manufacturing,Upstream,2018,38331.0,0.25,9582.75
3335,2,Equipment Manufacturing,Upstream,2019,36498.0,0.25,9124.5
3335,2,Equipment Manufacturing,Upstream,2020,31959.0,0.25,7989.75
3335,2,Equipment Manufacturing,Upstream,2021,31751.0,0.25,7937.75
3335,2,Equipment Manufacturing,Upstream,2022,31037.0,0.25,7759.25
3335,2,Equipment Manufacturing,Upstream,2023,30603.0,0.25,7650.75
3335,2,Equipment Manufacturing,Upstream,2024,29604.0,0.25,7401.0
3339,2,Equipment Manufacturing,Upstream,2001,20727.0,0.41,8498.07
3339,2,Equipment Manufacturing,Upstream,2002,18002.0,0.41,7380.82
3339,2,Equipment Manufacturing,Upstream,2003,16773.0,0.41,6876.929999999999
3339,2,Equipment Manufacturing,Upstream,2004,16306.0,0.41,6685.46
3339,2,Equipment Manufacturing,Upstream,2005,16023.0,0.41,6569.429999999999
3339,2,Equipment Manufacturing,Upstream,2006,15746.0,0.41,6455.86
3339,2,Equipment Manufacturing,Upstream,2007,15059.0,0.41,6174.19
3339,2,Equipment Manufacturing,Upstream,2008,14558.0,0.41,5968.78
3339,2,Equipment Manufacturing,Upstream,2009,11925.0,0.41,4889.25
3339,2,Equipment Manufacturing,Upstream,2010,11306.0,0.41,4635.46
3339,2,Equipment Manufacturing,Upstream,2011,12406.0,0.41,5086.46
3339,2,Equipment Manufacturing,Upstream,2012,13481.0,0.41,5527.21
3339,2,Equipment Manufacturing,Upstream,2013,14445.0,0.41,5922.45
3339,2,Equipment Manufacturing,Upstream,2014,15215.0,0.41,6238.15
3339,2,Equipment Manufacturing,Upstream,2015,15801.0,0.41,6478.41
3339,2,Equipment Manufacturing,Upstream,2016,16007.0,0.41,6562.87
3339,2,Equipment Manufacturing,Upstream,2017,16399.0,0.41,6723.589999999999
3339,2,Equipment Manufacturing,Upstream,2018,17093.0,0.41,7008.129999999999
3339,2,Equipment Manufacturing,Upstream,2019,17004.0,0.41,6971.639999999999
3339,2,Equipment Manufacturing,Upstream,2020,16308.0,0.41,6686.28
3339,2,Equipment Manufacturing,Upstream,2021,16669.0,0.41,6834.29
3339,2,Equipment Manufacturing,Upstream,2022,17802.0,0.41,7298.82
3339,2,Equipment Manufacturing,Upstream,2023,18273.0,0.41,7491.929999999999
3339,2,Equipment Manufacturing,Upstream,2024,17946.0,0.41,7357.86
3315,3,Forging & Foundries,Upstream,2001,16071.0,0.73,11731.83
3315,3,Forging & Foundries,Upstream,2002,14575.0,0.73,10639.75
3315,3,Forging & Foundries,Upstream,2003,13733.0,0.73,10025.09
3315,3,Forging & Foundries,Upstream,2004,14910.0,0.73,10884.3
3315,3,Forging & Foundries,Upstream,2005,14620.0,0.73,10672.6
3315,3,Forging & Foundries,Upstream,2006,13857.0,0.73,10115.61
3315,3,Forging & Foundries,Upstream,2007,12652.0,0.73,9235.96
3315,3,Forging & Foundries,Upstream,2008,11614.0,0.73,8478.22
3315,3,Forging & Foundries,Upstream,2009,8174.0,0.73,5967.0199999999995
3315,3,Forging & Foundries,Upstream,2010,8648.0,0.73,6313.04
3315,3,Forging & Foundries,Upstream,2011,9823.0,0.73,7170.79
3315,3,Forging & Foundries,Upstream,2012,10489.0,0.73,7656.97
3315,3,Forging & Foundries,Upstream,2013,10106.0,0.73,7377.38
3315,3,Forging & Foundries,Upstream,2014,10415.0,0.73,7602.95
3315,3,Forging & Foundries,Upstream,2015,10312.0,0.73,7527.76
3315,3,Forging & Foundries,Upstream,2016,10321.0,0.73,7534.33
3315,3,Forging & Foundries,Upstream,2017,10442.0,0.73,7622.66
3315,3,Forging & Foundries,Upstream,2018,10846.0,0.73,7917.58
3315,3,Forging & Foundries,Upstream,2019,10665.0,0.73,7785.45
3315,3,Forging & Foundries,Upstream,2020,8861.0,0.73,6468.53
3315,3,Forging & Foundries,Upstream,2021,8973.0,0.73,6550.29
3315,3,Forging & Foundries,Upstream,2022,9464.0,0.73,6908.72
3315,3,Forging & Foundries,Upstream,2023,9659.0,0.73,7051.07
3315,3,Forging & Foundries,Upstream,2024,9349.0,0.73,6824.7699999999995
3321,3,Forging & Foundries,Upstream,2001,6498.0,0.52,3378.96
3321,3,Forging & Foundries,Upstream,2002,6278.0,0.52,3264.56
3321,3,Forging & Foundries,Upstream,2003,6387.0,0.52,3321.2400000000002
3321,3,Forging & Foundries,Upstream,2004,6926.0,0.52,3601.52
3321,3,Forging & Foundries,Upstream,2005,6839.0,0.52,3556.28
3321,3,Forging & Foundries,Upstream,2006,7025.0,0.52,3653.0
3321,3,Forging & Foundries,Upstream,2007,7112.0,0.52,3698.2400000000002
3321,3,Forging & Foundries,Upstream,2008,6320.0,0.52,3286.4
3321,3,Forging & Foundries,Upstream,2009,4978.0,0.52,2588.56
3321,3,Forging & Foundries,Upstream,2010,5757.0,0.52,2993.6400000000003
3321,3,Forging & Foundries,Upstream,2011,6954.0,0.52,3616.08
3321,3,Forging & Foundries,Upstream,2012,7241.0,0.52,3765.32
3321,3,Forging & Foundries,Upstream,2013,7363.0,0.52,3828.76
3321,3,Forging & Foundries,Upstream,2014,7436.0,0.52,3866.7200000000003
3321,3,Forging & Foundries,Upstream,2015,7735.0,0.52,4022.2000000000003
3321,3,Forging & Foundries,Upstream,2016,7873.0,0.52,4093.96
3321,3,Forging & Foundries,Upstream,2017,8110.0,0.52,4217.2
3321,3,Forging & Foundries,Upstream,2018,8431.0,0.52,4384.12
3321,3,Forging & Foundries,Upstream,2019,8606.0,0.52,4475.12
3321,3,Forging & Foundries,Upstream,2020,7022.0,0.52,3651.44
3321,3,Forging & Foundries,Upstream,2021,7226.0,0.52,3757.52
3321,3,Forging & Foundries,Upstream,2022,7282.0,0.52,3786.6400000000003
3321,3,Forging & Foundries,Upstream,2023,7396.0,0.52,3845.92
3321,3,Forging & Foundries,Upstream,2024,6988.0,0.52,3633.76
3326,4,Parts & Machining,Upstream,2001,4191.0,0.41,1718.31
3326,4,Parts & Machining,Upstream,2002,3598.0,0.41,1475.1799999999998
3326,4,Parts & Machining,Upstream,2003,3333.0,0.41,1366.53
3326,4,Parts & Machining,Upstream,2004,3091.0,0.41,1267.31
3326,4,Parts & Machining,Upstream,2005,3217.0,0.41,1318.97
3326,4,Parts & Machining,Upstream,2006,3114.0,0.41,1276.74
3326,4,Parts & Machining,Upstream,2007,2953.0,0.41,1210.73
3326,4,Parts & Machining,Upstream,2008,2709.0,0.41,1110.6899999999998
3326,4,Parts & Machining,Upstream,2009,2144.0,0.41,879.04
3326,4,Parts & Machining,Upstream,2010,2206.0,0.41,904.4599999999999
3326,4,Parts & Machining,Upstream,2011,2344.0,0.41,961.04
3326,4,Parts & Machining,Upstream,2012,2712.0,0.41,1111.9199999999998
3326,4,Parts & Machining,Upstream,2013,2852.0,0.41,1169.32
3326,4,Parts & Machining,Upstream,2014,3065.0,0.41,1256.6499999999999
3326,4,Parts & Machining,Upstream,2015,3198.0,0.41,1311.1799999999998
3326,4,Parts & Machining,Upstream,2016,3327.0,0.41,1364.07
3326,4,Parts & Machining,Upstream,2017,3425.0,0.41,1404.25
3326,4,Parts & Machining,Upstream,2018,3444.0,0.41,1412.04
3326,4,Parts & Machining,Upstream,2019,3431.0,0.41,1406.7099999999998
3326,4,Parts & Machining,Upstream,2020,2963.0,0.41,1214.83
3326,4,Parts & Machining,Upstream,2021,3376.0,0.41,1384.1599999999999
3326,4,Parts & Machining,Upstream,2022,3047.0,0.41,1249.27
3326,4,Parts & Machining,Upstream,2023,3073.0,0.41,1259.9299999999998
3326,4,Parts & Machining,Upstream,2024,2869.0,0.41,1176.29
3327,4,Parts & Machining,Upstream,2001,26164.0,0.51,13343.64
3327,4,Parts & Machining,Upstream,2002,26087.0,0.51,13304.37
3327,4,Parts & Machining,Upstream,2003,26700.0,0.51,13617.0
3327,4,Parts & Machining,Upstream,2004,27123.0,0.51,13832.73
3327,4,Parts & Machining,Upstream,2005,28816.0,0.51,14696.16
3327,4,Parts & Machining,Upstream,2006,28487.0,0.51,14528.37
3327,4,Parts & Machining,Upstream,2007,27591.0,0.51,14071.41
3327,4,Parts & Machining,Upstream,2008,26725.0,0.51,13629.75
3327,4,Parts & Machining,Upstream,2009,20427.0,0.51,10417.77
3327,4,Parts & Machining,Upstream,2010,22459.0,0.51,11454.09
3327,4,Parts & Machining,Upstream,2011,25851.0,0.51,13184.01
3327,4,Parts & Machining,Upstream,2012,27761.0,0.51,14158.11
3327,4,Parts & Machining,Upstream,2013,28616.0,0.51,14594.16
3327,4,Parts & Machining,Upstream,2014,29807.0,0.51,15201.57
3327,4,Parts & Machining,Upstream,2015,30775.0,0.51,15695.25
3327,4,Parts & Machining,Upstream,2016,29903.0,0.51,15250.53
3327,4,Parts & Machining,Upstream,2017,28752.0,0.51,14663.52
3327,4,Parts & Machining,Upstream,2018,28818.0,0.51,14697.18
3327,4,Parts & Machining,Upstream,2019,27275.0,0.51,13910.25
3327,4,Parts & Machining,Upstream,2020,22818.0,0.51,11637.18
3327,4,Parts & Machining,Upstream,2021,23522.0,0.51,11996.22
3327,4,Parts & Machining,Upstream,2022,24314.0,0.51,12400.14
3327,4,Parts & Machining,Upstream,2023,24940.0,0.51,12719.4
3327,4,Parts & Machining,Upstream,2024,24530.0,0.51,12510.300000000001
3329,4,Parts & Machining,Upstream,2001,15390.0,0.24,3693.6
3329,4,Parts & Machining,Upstream,2002,14215.0,0.24,3411.6
3329,4,Parts & Machining,Upstream,2003,12921.0,0.24,3101.04
3329,4,Parts & Machining,Upstream,2004,12901.0,0.24,3096.24
3329,4,Parts & Machining,Upstream,2005,12322.0,0.24,2957.2799999999997
3329,4,Parts & Machining,Upstream,2006,11531.0,0.24,2767.44
3329,4,Parts & Machining,Upstream,2007,10537.0,0.24,2528.88
3329,4,Parts & Machining,Upstream,2008,9984.0,0.24,2396.16
3329,4,Parts & Machining,Upstream,2009,8191.0,0.24,1965.84
3329,4,Parts & Machining,Upstream,2010,8725.0,0.24,2094.0
3329,4,Parts & Machining,Upstream,2011,8976.0,0.24,2154.24
3329,4,Parts & Machining,Upstream,2012,9424.0,0.24,2261.7599999999998
3329,4,Parts & Machining,Upstream,2013,9222.0,0.24,2213.2799999999997
3329,4,Parts & Machining,Upstream,2014,9592.0,0.24,2302.08
3329,4,Parts & Machining,Upstream,2015,9936.0,0.24,2384.64
3329,4,Parts & Machining,Upstream,2016,9927.0,0.24,2382.48
3329,4,Parts & Machining,Upstream,2017,10259.0,0.24,2462.16
3329,4,Parts & Machining,Upstream,2018,11286.0,0.24,2708.64
3329,4,Parts & Machining,Upstream,2019,11452.0,0.24,2748.48
3329,4,Parts & Machining,Upstream,2020,10135.0,0.24,2432.4
3329,4,Parts & Machining,Upstream,2021,10152.0,0.24,2436.48
3329,4,Parts & Machining,Upstream,2022,10472.0,0.24,2513.2799999999997
3329,4,Parts & Machining,Upstream,2023,10880.0,0.24,2611.2
3329,4,Parts & Machining,Upstream,2024,10865.0,0.24,2607.6
3344,4,Parts & Machining,Upstream,2001,8133.0,0.39,3171.87
3344,4,Parts & Machining,Upstream,2002,6974.0,0.39,2719.86
3344,4,Parts & Machining,Upstream,2003,6224.0,0.39,2427.36
3344,4,Parts & Machining,Upstream,2004,6133.0,0.39,2391.87
3344,4,Parts & Machining,Upstream,2005,6369.0,0.39,2483.9100000000003
3344,4,Parts & Machining,Upstream,2006,6932.0,0.39,2703.48
3344,4,Parts & Machining,Upstream,2007,7144.0,0.39,2786.1600000000003
3344,4,Parts & Machining,Upstream,2008,7547.0,0.39,2943.33
3344,4,Parts & Machining,Upstream,2009,6470.0,0.39,2523.3
3344,4,Parts & Machining,Upstream,2010,6730.0,0.39,2624.7000000000003
3344,4,Parts & Machining,Upstream,2011,7558.0,0.39,2947.62
3344,4,Parts & Machining,Upstream,2012,7707.0,0.39,3005.73
3344,4,Parts & Machining,Upstream,2013,7401.0,0.39,2886.39
3344,4,Parts & Machining,Upstream,2014,7843.0,0.39,3058.77
3344,4,Parts & Machining,Upstream,2015,8694.0,0.39,3390.6600000000003
3344,4,Parts & Machining,Upstream,2016,9301.0,0.39,3627.3900000000003
3344,4,Parts & Machining,Upstream,2017,9821.0,0.39,3830.19
3344,4,Parts & Machining,Upstream,2018,10170.0,0.39,3966.3
3344,4,Parts & Machining,Upstream,2019,10433.0,0.39,4068.8700000000003
3344,4,Parts & Machining,Upstream,2020,9814.0,0.39,3827.46
3344,4,Parts & Machining,Upstream,2021,10296.0,0.39,4015.44
3344,4,Parts & Machining,Upstream,2022,10772.0,0.39,4201.08
3344,4,Parts & Machining,Upstream,2023,11925.0,0.39,4650.75
3344,4,Parts & Machining,Upstream,2024,12179.0,0.39,4749.81
3336,5,Component Systems,Upstream,2001,4912.0,0.85,4175.2
3336,5,Component Systems,Upstream,2002,4690.0,0.85,3986.5
3336,5,Component Systems,Upstream,2003,4377.0,0.85,3720.45
3336,5,Component Systems,Upstream,2004,4612.0,0.85,3920.2
3336,5,Component Systems,Upstream,2005,4598.0,0.85,3908.2999999999997
3336,5,Component Systems,Upstream,2006,4389.0,0.85,3730.65
3336,5,Component Systems,Upstream,2007,4174.0,0.85,3547.9
3336,5,Component Systems,Upstream,2008,4473.0,0.85,3802.0499999999997
3336,5,Component Systems,Upstream,2009,3882.0,0.85,3299.7
3336,5,Component Systems,Upstream,2010,3736.0,0.85,3175.6
3336,5,Component Systems,Upstream,2011,4083.0,0.85,3470.5499999999997
3336,5,Component Systems,Upstream,2012,4210.0,0.85,3578.5
3336,5,Component Systems,Upstream,2013,4086.0,0.85,3473.1
3336,5,Component Systems,Upstream,2014,4252.0,0.85,3614.2
3336,5,Component Systems,Upstream,2015,4504.0,0.85,3828.4
3336,5,Component Systems,Upstream,2016,4349.0,0.85,3696.65
3336,5,Component Systems,Upstream,2017,4325.0,0.85,3676.25
3336,5,Component Systems,Upstream,2018,4502.0,0.85,3826.7
3336,5,Component Systems,Upstream,2019,4743.0,0.85,4031.5499999999997
3336,5,Component Systems,Upstream,2020,4302.0,0.85,3656.7
3336,5,Component Systems,Upstream,2021,4605.0,0.85,3914.25
3336,5,Component Systems,Upstream,2022,4750.0,0.85,4037.5
3336,5,Component Systems,Upstream,2023,4995.0,0.85,4245.75
3336,5,Component Systems,Upstream,2024,4970.0,0.85,4224.5
3345,5,Component Systems,Upstream,2001,9488.0,0.08,759.04
3345,5,Component Systems,Upstream,2002,8563.0,0.08,685.04
3345,5,Component Systems,Upstream,2003,8300.0,0.08,664.0
3345,5,Component Systems,Upstream,2004,8304.0,0.08,664.32
3345,5,Component Systems,Upstream,2005,9239.0,0.08,739.12
3345,5,Component Systems,Upstream,2006,9616.0,0.08,769.28
3345,5,Component Systems,Upstream,2007,9745.0,0.08,779.6
3345,5,Component Systems,Upstream,2008,9636.0,0.08,770.88
3345,5,Component Systems,Upstream,2009,8498.0,0.08,679.84
3345,5,Component Systems,Upstream,2010,7860.0,0.08,628.8000000000001
3345,5,Component Systems,Upstream,2011,7846.0,0.08,627.6800000000001
3345,5,Component Systems,Upstream,2012,8199.0,0.08,655.92
3345,5,Component Systems,Upstream,2013,8522.0,0.08,681.76
3345,5,Component Systems,Upstream,2014,8595.0,0.08,687.6
3345,5,Component Systems,Upstream,2015,9046.0,0.08,723.6800000000001
3345,5,Component Systems,Upstream,2016,8913.0,0.08,713.04
3345,5,Component Systems,Upstream,2017,8919.0,0.08,713.52
3345,5,Component Systems,Upstream,2018,9027.0,0.08,722.16
3345,5,Component Systems,Upstream,2019,9147.0,0.08,731.76
3345,5,Component Systems,Upstream,2020,8227.0,0.08,658.16
3345,5,Component Systems,Upstream,2021,8449.0,0.08,675.92
3345,5,Component Systems,Upstream,2022,8628.0,0.08,690.24
3345,5,Component Systems,Upstream,2023,8771.0,0.08,701.6800000000001
3345,5,Component Systems,Upstream,2024,8867.0,0.08,709.36
3359,5,Component Systems,Upstream,2001,1798.0,0.39,701.22
3359,5,Component Systems,Upstream,2002,2001.0,0.39,780.39
3359,5,Component Systems,Upstream,2003,2048.0,0.39,798.72
3359,5,Component Systems,Upstream,2004,1992.0,0.39,776.88
3359,5,Component Systems,Upstream,2005,1778.0,0.39,693.4200000000001
3359,5,Component Systems,Upstream,2006,1809.0,0.39,705.51
3359,5,Component Systems,Upstream,2007,1832.0,0.39,714.48
3359,5,Component Systems,Upstream,2008,1756.0,0.39,684.84
3359,5,Component Systems,Upstream,2009,1485.0,0.39,579.15
3359,5,Component Systems,Upstream,2010,1593.0,0.39,621.27
3359,5,Component Systems,Upstream,2011,2563.0,0.39,999.57
3359,5,Component Systems,Upstream,2012,2761.0,0.39,1076.79
3359,5,Component Systems,Upstream,2013,2631.0,0.39,1026.0900000000001
3359,5,Component Systems,Upstream,2014,2592.0,0.39,1010.88
3359,5,Component Systems,Upstream,2015,3126.0,0.39,1219.14
3359,5,Component Systems,Upstream,2016,3280.0,0.39,1279.2
3359,5,Component Systems,Upstream,2017,3550.0,0.39,1384.5
3359,5,Component Systems,Upstream,2018,3847.0,0.39,1500.3300000000002
3359,5,Component Systems,Upstream,2019,4347.0,0.39,1695.3300000000002
3359,5,Component Systems,Upstream,2020,4356.0,0.39,1698.8400000000001
3359,5,Component Systems,Upstream,2021,4088.0,0.39,1594.3200000000002
3359,5,Component Systems,Upstream,2022,4601.0,0.39,1794.39
3359,5,Component Systems,Upstream,2023,4960.0,0.39,1934.4
3359,5,Component Systems,Upstream,2024,4446.0,0.39,1733.94
5413,6,Engineering & Design,OEM,2001,83373.0,0.05,4168.650000000001
5413,6,Engineering & Design,OEM,2002,76342.0,0.05,3817.1000000000004
5413,6,Engineering & Design,OEM,2003,72059.0,0.05,3602.9500000000003
5413,6,Engineering & Design,OEM,2004,70855.0,0.05,3542.75
5413,6,Engineering & Design,OEM,2005,69943.0,0.05,3497.15
5413,6,Engineering & Design,OEM,2006,67009.0,0.05,3350.4500000000003
5413,6,Engineering & Design,OEM,2007,66272.0,0.05,3313.6000000000004
5413,6,Engineering & Design,OEM,2008,63802.0,0.05,3190.1000000000004
5413,6,Engineering & Design,OEM,2009,55412.0,0.05,2770.6000000000004
5413,6,Engineering & Design,OEM,2010,57576.0,0.05,2878.8
5413,6,Engineering & Design,OEM,2011,62819.0,0.05,3140.9500000000003
5413,6,Engineering & Design,OEM,2012,68257.0,0.05,3412.8500000000004
5413,6,Engineering & Design,OEM,2013,72045.0,0.05,3602.25
5413,6,Engineering & Design,OEM,2014,76039.0,0.05,3801.9500000000003
5413,6,Engineering & Design,OEM,2015,85007.0,0.05,4250.35
5413,6,Engineering & Design,OEM,2016,88247.0,0.05,4412.35
5413,6,Engineering & Design,OEM,2017,83516.0,0.05,4175.8
5413,6,Engineering & Design,OEM,2018,86547.0,0.05,4327.35
5413,6,Engineering & Design,OEM,2019,88076.0,0.05,4403.8
5413,6,Engineering & Design,OEM,2020,84620.0,0.05,4231.0
5413,6,Engineering & Design,OEM,2021,87418.0,0.05,4370.900000000001
5413,6,Engineering & Design,OEM,2022,88549.0,0.05,4427.45
5413,6,Engineering & Design,OEM,2023,88654.0,0.05,4432.7
5413,6,Engineering & Design,OEM,2024,84452.0,0.05,4222.6
5414,6,Engineering & Design,OEM,2001,3402.0,0.05,170.10000000000002
5414,6,Engineering & Design,OEM,2002,3538.0,0.05,176.9
5414,6,Engineering & Design,OEM,2003,3619.0,0.05,180.95000000000002
5414,6,Engineering & Design,OEM,2004,3751.0,0.05,187.55
5414,6,Engineering & Design,OEM,2005,4365.0,0.05,218.25
5414,6,Engineering & Design,OEM,2006,4543.0,0.05,227.15
5414,6,Engineering & Design,OEM,2007,4723.0,0.05,236.15
5414,6,Engineering & Design,OEM,2008,4627.0,0.05,231.35000000000002
5414,6,Engineering & Design,OEM,2009,4079.0,0.05,203.95000000000002
5414,6,Engineering & Design,OEM,2010,4190.0,0.05,209.5
5414,6,Engineering & Design,OEM,2011,4660.0,0.05,233.0
5414,6,Engineering & Design,OEM,2012,4883.0,0.05,244.15
5414,6,Engineering & Design,OEM,2013,5310.0,0.05,265.5
5414,6,Engineering & Design,OEM,2014,4960.0,0.05,248.0
5414,6,Engineering & Design,OEM,2015,7593.0,0.05,379.65000000000003
5414,6,Engineering & Design,OEM,2016,7913.0,0.05,395.65000000000003
5414,6,Engineering & Design,OEM,2017,8464.0,0.05,423.20000000000005
5414,6,Engineering & Design,OEM,2018,8632.0,0.05,431.6
5414,6,Engineering & Design,OEM,2019,8155.0,0.05,407.75
5414,6,Engineering & Design,OEM,2020,8111.0,0.05,405.55
5414,6,Engineering & Design,OEM,2021,8433.0,0.05,421.65000000000003
5414,6,Engineering & Design,OEM,2022,8723.0,0.05,436.15000000000003
5414,6,Engineering & Design,OEM,2023,9163.0,0.05,458.15000000000003
5414,6,Engineering & Design,OEM,2024,10458.0,0.05,522.9
5417,6,Engineering & Design,OEM,2001,15682.0,0.01,156.82
5417,6,Engineering & Design,OEM,2002,22370.0,0.01,223.70000000000002
5417,6,Engineering & Design,OEM,2003,24291.0,0.01,242.91
5417,6,Engineering & Design,OEM,2004,23731.0,0.01,237.31
5417,6,Engineering & Design,OEM,2005,23649.0,0.01,236.49
5417,6,Engineering & Design,OEM,2006,23958.0,0.01,239.58
5417,6,Engineering & Design,OEM,2007,22225.0,0.01,222.25
5417,6,Engineering & Design,OEM,2008,20444.0,0.01,204.44
5417,6,Engineering & Design,OEM,2009,18284.0,0.01,182.84
5417,6,Engineering & Design,OEM,2010,18914.0,0.01,189.14000000000001
5417,6,Engineering & Design,OEM,2011,19119.0,0.01,191.19
5417,6,Engineering & Design,OEM,2012,20239.0,0.01,202.39000000000001
5417,6,Engineering & Design,OEM,2013,21471.0,0.01,214.71
5417,6,Engineering & Design,OEM,2014,21925.0,0.01,219.25
5417,6,Engineering & Design,OEM,2015,24955.0,0.01,249.55
5417,6,Engineering & Design,OEM,2016,25682.0,0.01,256.82
5417,6,Engineering & Design,OEM,2017,21741.0,0.01,217.41
5417,6,Engineering & Design,OEM,2018,21519.0,0.01,215.19
5417,6,Engineering & Design,OEM,2019,22112.0,0.01,221.12
5417,6,Engineering & Design,OEM,2020,22672.0,0.01,226.72
5417,6,Engineering & Design,OEM,2021,23632.0,0.01,236.32
5417,6,Engineering & Design,OEM,2022,25132.0,0.01,251.32
5417,6,Engineering & Design,OEM,2023,25294.0,0.01,252.94
5417,6,Engineering & Design,OEM,2024,25297.0,0.01,252.97
3361,7,Core Automotive,OEM,2001,90361.0,1.0,90361.0
3361,7,Core Automotive,OEM,2002,81572.0,1.0,81572.0
3361,7,Core Automotive,OEM,2003,75378.0,1.0,75378.0
3361,7,Core Automotive,OEM,2004,70844.0,1.0,70844.0
3361,7,Core Automotive,OEM,2005,65509.0,1.0,65509.0
3361,7,Core Automotive,OEM,2006,59006.0,1.0,59006.0
3361,7,Core Automotive,OEM,2007,58574.0,1.0,58574.0
3361,7,Core Automotive,OEM,2008,48823.0,1.0,48823.0
3361,7,Core Automotive,OEM,2009,35196.0,1.0,35196.0
3361,7,Core Automotive,OEM,2010,35239.0,1.0,35239.0
3361,7,Core Automotive,OEM,2011,37578.0,1.0,37578.0
3361,7,Core Automotive,OEM,2012,39789.0,1.0,39789.0
3361,7,Core Automotive,OEM,2013,44163.0,1.0,44163.0
3361,7,Core Automotive,OEM,2014,45929.0,1.0,45929.0
3361,7,Core Automotive,OEM,2015,36677.0,1.0,36677.0
3361,7,Core Automotive,OEM,2016,37501.0,1.0,37501.0
3361,7,Core Automotive,OEM,2017,40857.0,1.0,40857.0
3361,7,Core Automotive,OEM,2018,39490.0,1.0,39490.0
3361,7,Core Automotive,OEM,2019,38974.0,1.0,38974.0
3361,7,Core Automotive,OEM,2020,34317.0,1.0,34317.0
3361,7,Core Automotive,OEM,2021,45057.0,1.0,45057.0
3361,7,Core Automotive,OEM,2022,44847.0,1.0,44847.0
3361,7,Core Automotive,OEM,2023,48746.0,1.0,48746.0
3361,7,Core Automotive,OEM,2024,48138.0,1.0,48138.0
3362,7,Core Automotive,OEM,2001,10139.0,1.0,10139.0
3362,7,Core Automotive,OEM,2002,10090.0,1.0,10090.0
3362,7,Core Automotive,OEM,2003,9389.0,1.0,9389.0
3362,7,Core Automotive,OEM,2004,9813.0,1.0,9813.0
3362,7,Core Automotive,OEM,2005,8972.0,1.0,8972.0
3362,7,Core Automotive,OEM,2006,8904.0,1.0,8904.0
3362,7,Core Automotive,OEM,2007,8837.0,1.0,8837.0
3362,7,Core Automotive,OEM,2008,7411.0,1.0,7411.0
3362,7,Core Automotive,OEM,2009,6034.0,1.0,6034.0
3362,7,Core Automotive,OEM,2010,6268.0,1.0,6268.0
3362,7,Core Automotive,OEM,2011,6284.0,1.0,6284.0
3362,7,Core Automotive,OEM,2012,6424.0,1.0,6424.0
3362,7,Core Automotive,OEM,2013,6643.0,1.0,6643.0
3362,7,Core Automotive,OEM,2014,7242.0,1.0,7242.0
3362,7,Core Automotive,OEM,2015,8161.0,1.0,8161.0
3362,7,Core Automotive,OEM,2016,8600.0,1.0,8600.0
3362,7,Core Automotive,OEM,2017,8708.0,1.0,8708.0
3362,7,Core Automotive,OEM,2018,9041.0,1.0,9041.0
3362,7,Core Automotive,OEM,2019,9047.0,1.0,9047.0
3362,7,Core Automotive,OEM,2020,7740.0,1.0,7740.0
3362,7,Core Automotive,OEM,2021,8038.0,1.0,8038.0
3362,7,Core Automotive,OEM,2022,8377.0,1.0,8377.0
3362,7,Core Automotive,OEM,2023,8544.0,1.0,8544.0
3362,7,Core Automotive,OEM,2024,7921.0,1.0,7921.0
3363,7,Core Automotive,OEM,2001,203833.0,1.0,203833.0
3363,7,Core Automotive,OEM,2002,191518.0,1.0,191518.0
3363,7,Core Automotive,OEM,2003,177191.0,1.0,177191.0
3363,7,Core Automotive,OEM,2004,168955.0,1.0,168955.0
3363,7,Core Automotive,OEM,2005,157602.0,1.0,157602.0
3363,7,Core Automotive,OEM,2006,145983.0,1.0,145983.0
3363,7,Core Automotive,OEM,2007,130657.0,1.0,130657.0
3363,7,Core Automotive,OEM,2008,110766.0,1.0,110766.0
3363,7,Core Automotive,OEM,2009,81368.0,1.0,81368.0
3363,7,Core Automotive,OEM,2010,84526.0,1.0,84526.0
3363,7,Core Automotive,OEM,2011,93801.0,1.0,93801.0
3363,7,Core Automotive,OEM,2012,103956.0,1.0,103956.0
3363,7,Core Automotive,OEM,2013,109787.0,1.0,109787.0
3363,7,Core Automotive,OEM,2014,117192.0,1.0,117192.0
3363,7,Core Automotive,OEM,2015,121832.0,1.0,121832.0
3363,7,Core Automotive,OEM,2016,127243.0,1.0,127243.0
3363,7,Core Automotive,OEM,2017,131146.0,1.0,131146.0
3363,7,Core Automotive,OEM,2018,134464.0,1.0,134464.0
3363,7,Core Automotive,OEM,2019,132800.0,1.0,132800.0
3363,7,Core Automotive,OEM,2020,112670.0,1.0,112670.0
3363,7,Core Automotive,OEM,2021,121774.0,1.0,121774.0
3363,7,Core Automotive,OEM,2022,123914.0,1.0,123914.0
3363,7,Core Automotive,OEM,2023,121825.0,1.0,121825.0
3363,7,Core Automotive,OEM,2024,117023.0,1.0,117023.0
4231,8,"Motor Vehicle Parts, Materials, & Products Sales",Downstream,2001,20063.0,1.0,20063.0
4231,8,"Motor Vehicle Parts, Materials, & Products Sales",Downstream,2002,19374.0,1.0,19374.0
4231,8,"Motor Vehicle Parts, Materials, & Products Sales",Downstream,2003,19484.0,1.0,19484.0
4231,8,"Motor Vehicle Parts, Materials, & Products Sales",Downstream,2004,19648.0,1.0,19648.0
4231,8,"Motor Vehicle Parts, Materials, & Products Sales",Downstream,2005,19348.0,1.0,19348.0
4231,8,"Motor Vehicle Parts, Materials, & Products Sales",Downstream,2006,19424.0,1.0,19424.0
4231,8,"Motor Vehicle Parts, Materials, & Products Sales",Downstream,2007,19086.0,1.0,19086.0
4231,8,"Motor Vehicle Parts, Materials, & Products Sales",Downstream,2008,18168.0,1.0,18168.0
4231,8,"Motor Vehicle Parts, Materials, & Products Sales",Downstream,2009,15653.0,1.0,15653.0
4231,8,"Motor Vehicle Parts, Materials, & Products Sales",Downstream,2010,15600.0,1.0,15600.0
4231,8,"Motor Vehicle Parts, Materials, & Products Sales",Downstream,2011,16930.0,1.0,16930.0
4231,8,"Motor Vehicle Parts, Materials, & Products Sales",Downstream,2012,17912.0,1.0,17912.0
4231,8,"Motor Vehicle Parts, Materials, & Products Sales",Downstream,2013,18589.0,1.0,18589.0
4231,8,"Motor Vehicle Parts, Materials, & Products Sales",Downstream,2014,19759.0,1.0,19759.0
4231,8,"Motor Vehicle Parts, Materials, & Products Sales",Downstream,2015,20564.0,1.0,20564.0
4231,8,"Motor Vehicle Parts, Materials, & Products Sales",Downstream,2016,20828.0,1.0,20828.0
4231,8,"Motor Vehicle Parts, Materials, & Products Sales",Downstream,2017,20945.0,1.0,20945.0
4231,8,"Motor Vehicle Parts, Materials, & Products Sales",Downstream,2018,22017.0,1.0,22017.0
4231,8,"Motor Vehicle Parts, Materials, & Products Sales",Downstream,2019,22848.0,1.0,22848.0
4231,8,"Motor Vehicle Parts, Materials, & Products Sales",Downstream,2020,21013.0,1.0,21013.0
4231,8,"Motor Vehicle Parts, Materials, & Products Sales",Downstream,2021,23938.0,1.0,23938.0
4231,8,"Motor Vehicle Parts, Materials, & Products Sales",Downstream,2022,24911.0,1.0,24911.0
4231,8,"Motor Vehicle Parts, Materials, & Products Sales",Downstream,2023,25506.0,1.0,25506.0
4231,8,"Motor Vehicle Parts, Materials, & Products Sales",Downstream,2024,25978.0,1.0,25978.0
4235,8,"Motor Vehicle Parts, Materials, & Products Sales",Downstream,2001,7797.0,1.0,7797.0
4235,8,"Motor Vehicle Parts, Materials, & Products Sales",Downstream,2002,7855.0,1.0,7855.0
4235,8,"Motor Vehicle Parts, Materials, & Products Sales",Downstream,2003,7574.0,1.0,7574.0
4235,8,"Motor Vehicle Parts, Materials, & Products Sales",Downstream,2004,7382.0,1.0,7382.0
4235,8,"Motor Vehicle Parts, Materials, & Products Sales",Downstream,2005,6993.0,1.0,6993.0
4235,8,"Motor Vehicle Parts, Materials, & Products Sales",Downstream,2006,7099.0,1.0,7099.0
4235,8,"Motor Vehicle Parts, Materials, & Products Sales",Downstream,2007,6898.0,1.0,6898.0
4235,8,"Motor Vehicle Parts, Materials, & Products Sales",Downstream,2008,6855.0,1.0,6855.0
4235,8,"Motor Vehicle Parts, Materials, & Products Sales",Downstream,2009,5564.0,1.0,5564.0
4235,8,"Motor Vehicle Parts, Materials, & Products Sales",Downstream,2010,5434.0,1.0,5434.0
4235,8,"Motor Vehicle Parts, Materials, & Products Sales",Downstream,2011,5909.0,1.0,5909.0
4235,8,"Motor Vehicle Parts, Materials, & Products Sales",Downstream,2012,6338.0,1.0,6338.0
4235,8,"Motor Vehicle Parts, Materials, & Products Sales",Downstream,2013,6423.0,1.0,6423.0
4235,8,"Motor Vehicle Parts, Materials, & Products Sales",Downstream,2014,6734.0,1.0,6734.0
4235,8,"Motor Vehicle Parts, Materials, & Products Sales",Downstream,2015,6571.0,1.0,6571.0
4235,8,"Motor Vehicle Parts, Materials, & Products Sales",Downstream,2016,6662.0,1.0,6662.0
4235,8,"Motor Vehicle Parts, Materials, & Products Sales",Downstream,2017,6491.0,1.0,6491.0
4235,8,"Motor Vehicle Parts, Materials, & Products Sales",Downstream,2018,7191.0,1.0,7191.0
4235,8,"Motor Vehicle Parts, Materials, & Products Sales",Downstream,2019,7116.0,1.0,7116.0
4235,8,"Motor Vehicle Parts, Materials, & Products Sales",Downstream,2020,6290.0,1.0,6290.0
4235,8,"Motor Vehicle Parts, Materials, & Products Sales",Downstream,2021,6053.0,1.0,6053.0
4235,8,"Motor Vehicle Parts, Materials, & Products Sales",Downstream,2022,6245.0,1.0,6245.0
4235,8,"Motor Vehicle Parts, Materials, & Products Sales",Downstream,2023,6517.0,1.0,6517.0
4235,8,"Motor Vehicle Parts, Materials, & Products Sales",Downstream,2024,6359.0,1.0,6359.0
4238,8,"Motor Vehicle Parts, Materials, & Products Sales",Downstream,2001,26299.0,1.0,26299.0
4238,8,"Motor Vehicle Parts, Materials, & Products Sales",Downstream,2002,25009.0,1.0,25009.0
4238,8,"Motor Vehicle Parts, Materials, & Products Sales",Downstream,2003,23935.0,1.0,23935.0
4238,8,"Motor Vehicle Parts, Materials, & Products Sales",Downstream,2004,23510.0,1.0,23510.0
4238,8,"Motor Vehicle Parts, Materials, & Products Sales",Downstream,2005,23707.0,1.0,23707.0
4238,8,"Motor Vehicle Parts, Materials, & Products Sales",Downstream,2006,23770.0,1.0,23770.0
4238,8,"Motor Vehicle Parts, Materials, & Products Sales",Downstream,2007,23795.0,1.0,23795.0
4238,8,"Motor Vehicle Parts, Materials, & Products Sales",Downstream,2008,23681.0,1.0,23681.0
4238,8,"Motor Vehicle Parts, Materials, & Products Sales",Downstream,2009,20902.0,1.0,20902.0
4238,8,"Motor Vehicle Parts, Materials, & Products Sales",Downstream,2010,20420.0,1.0,20420.0
4238,8,"Motor Vehicle Parts, Materials, & Products Sales",Downstream,2011,20725.0,1.0,20725.0
4238,8,"Motor Vehicle Parts, Materials, & Products Sales",Downstream,2012,21625.0,1.0,21625.0
4238,8,"Motor Vehicle Parts, Materials, & Products Sales",Downstream,2013,22228.0,1.0,22228.0
4238,8,"Motor Vehicle Parts, Materials, & Products Sales",Downstream,2014,22852.0,1.0,22852.0
4238,8,"Motor Vehicle Parts, Materials, & Products Sales",Downstream,2015,23367.0,1.0,23367.0
4238,8,"Motor Vehicle Parts, Materials, & Products Sales",Downstream,2016,23625.0,1.0,23625.0
4238,8,"Motor Vehicle Parts, Materials, & Products Sales",Downstream,2017,24386.0,1.0,24386.0
4238,8,"Motor Vehicle Parts, Materials, & Products Sales",Downstream,2018,25165.0,1.0,25165.0
4238,8,"Motor Vehicle Parts, Materials, & Products Sales",Downstream,2019,25229.0,1.0,25229.0
4238,8,"Motor Vehicle Parts, Materials, & Products Sales",Downstream,2020,23247.0,1.0,23247.0
4238,8,"Motor Vehicle Parts, Materials, & Products Sales",Downstream,2021,22266.0,1.0,22266.0
4238,8,"Motor Vehicle Parts, Materials, & Products Sales",Downstream,2022,22812.0,1.0,22812.0
4238,8,"Motor Vehicle Parts, Materials, & Products Sales",Downstream,2023,24017.0,1.0,24017.0
4238,8,"Motor Vehicle Parts, Materials, & Products Sales",Downstream,2024,24407.0,1.0,24407.0
4239,8,"Motor Vehicle Parts, Materials, & Products Sales",Downstream,2001,6498.0,1.0,6498.0
4239,8,"Motor Vehicle Parts, Materials, & Products Sales",Downstream,2002,6452.0,1.0,6452.0
4239,8,"Motor Vehicle Parts, Materials, & Products Sales",Downstream,2003,6462.0,1.0,6462.0
4239,8,"Motor Vehicle Parts, Materials, & Products Sales",Downstream,2004,6562.0,1.0,6562.0
4239,8,"Motor Vehicle Parts, Materials, & Products Sales",Downstream,2005,6859.0,1.0,6859.0
4239,8,"Motor Vehicle Parts, Materials, & Products Sales",Downstream,2006,6929.0,1.0,6929.0
4239,8,"Motor Vehicle Parts, Materials, & Products Sales",Downstream,2007,7008.0,1.0,7008.0
4239,8,"Motor Vehicle Parts, Materials, & Products Sales",Downstream,2008,7058.0,1.0,7058.0
4239,8,"Motor Vehicle Parts, Materials, & Products Sales",Downstream,2009,6144.0,1.0,6144.0
4239,8,"Motor Vehicle Parts, Materials, & Products Sales",Downstream,2010,6461.0,1.0,6461.0
4239,8,"Motor Vehicle Parts, Materials, & Products Sales",Downstream,2011,7006.0,1.0,7006.0
4239,8,"Motor Vehicle Parts, Materials, & Products Sales",Downstream,2012,7468.0,1.0,7468.0
4239,8,"Motor Vehicle Parts, Materials, & Products Sales",Downstream,2013,7458.0,1.0,7458.0
4239,8,"Motor Vehicle Parts, Materials, & Products Sales",Downstream,2014,7555.0,1.0,7555.0
4239,8,"Motor Vehicle Parts, Materials, & Products Sales",Downstream,2015,7409.0,1.0,7409.0
4239,8,"Motor Vehicle Parts, Materials, & Products Sales",Downstream,2016,7263.0,1.0,7263.0
4239,8,"Motor Vehicle Parts, Materials, & Products Sales",Downstream,2017,7557.0,1.0,7557.0
4239,8,"Motor Vehicle Parts, Materials, & Products Sales",Downstream,2018,7792.0,1.0,7792.0
4239,8,"Motor Vehicle Parts, Materials, & Products Sales",Downstream,2019,7737.0,1.0,7737.0
4239,8,"Motor Vehicle Parts, Materials, & Products Sales",Downstream,2020,7019.0,1.0,7019.0
4239,8,"Motor Vehicle Parts, Materials, & Products Sales",Downstream,2021,7625.0,1.0,7625.0
4239,8,"Motor Vehicle Parts, Materials, & Products Sales",Downstream,2022,8447.0,1.0,8447.0
4239,8,"Motor Vehicle Parts, Materials, & Products Sales",Downstream,2023,8805.0,1.0,8805.0
4239,8,"Motor Vehicle Parts, Materials, & Products Sales",Downstream,2024,8732.0,1.0,8732.0
4247,8,"Motor Vehicle Parts, Materials, & Products Sales",Downstream,2001,3190.0,1.0,3190.0
4247,8,"Motor Vehicle Parts, Materials, & Products Sales",Downstream,2002,3097.0,1.0,3097.0
4247,8,"Motor Vehicle Parts, Materials, & Products Sales",Downstream,2003,3074.0,1.0,3074.0
4247,8,"Motor Vehicle Parts, Materials, & Products Sales",Downstream,2004,2889.0,1.0,2889.0
4247,8,"Motor Vehicle Parts, Materials, & Products Sales",Downstream,2005,2915.0,1.0,2915.0
4247,8,"Motor Vehicle Parts, Materials, & Products Sales",Downstream,2006,2931.0,1.0,2931.0
4247,8,"Motor Vehicle Parts, Materials, & Products Sales",Downstream,2007,2805.0,1.0,2805.0
4247,8,"Motor Vehicle Parts, Materials, & Products Sales",Downstream,2008,2711.0,1.0,2711.0
4247,8,"Motor Vehicle Parts, Materials, & Products Sales",Downstream,2009,2672.0,1.0,2672.0
4247,8,"Motor Vehicle Parts, Materials, & Products Sales",Downstream,2010,2642.0,1.0,2642.0
4247,8,"Motor Vehicle Parts, Materials, & Products Sales",Downstream,2011,2707.0,1.0,2707.0
4247,8,"Motor Vehicle Parts, Materials, & Products Sales",Downstream,2012,2759.0,1.0,2759.0
4247,8,"Motor Vehicle Parts, Materials, & Products Sales",Downstream,2013,2716.0,1.0,2716.0
4247,8,"Motor Vehicle Parts, Materials, & Products Sales",Downstream,2014,2787.0,1.0,2787.0
4247,8,"Motor Vehicle Parts, Materials, & Products Sales",Downstream,2015,2968.0,1.0,2968.0
4247,8,"Motor Vehicle Parts, Materials, & Products Sales",Downstream,2016,2960.0,1.0,2960.0
4247,8,"Motor Vehicle Parts, Materials, & Products Sales",Downstream,2017,3334.0,1.0,3334.0
4247,8,"Motor Vehicle Parts, Materials, & Products Sales",Downstream,2018,3442.0,1.0,3442.0
4247,8,"Motor Vehicle Parts, Materials, & Products Sales",Downstream,2019,3529.0,1.0,3529.0
4247,8,"Motor Vehicle Parts, Materials, & Products Sales",Downstream,2020,3423.0,1.0,3423.0
4247,8,"Motor Vehicle Parts, Materials, & Products Sales",Downstream,2021,3481.0,1.0,3481.0
4247,8,"Motor Vehicle Parts, Materials, & Products Sales",Downstream,2022,3686.0,1.0,3686.0
4247,8,"Motor Vehicle Parts, Materials, & Products Sales",Downstream,2023,3855.0,1.0,3855.0
4247,8,"Motor Vehicle Parts, Materials, & Products Sales",Downstream,2024,3846.0,1.0,3846.0
4413,8,"Motor Vehicle Parts, Materials, & Products Sales",Downstream,2001,13540.0,1.0,13540.0
4413,8,"Motor Vehicle Parts, Materials, & Products Sales",Downstream,2002,14431.0,1.0,14431.0
4413,8,"Motor Vehicle Parts, Materials, & Products Sales",Downstream,2003,14244.0,1.0,14244.0
4413,8,"Motor Vehicle Parts, Materials, & Products Sales",Downstream,2004,14136.0,1.0,14136.0
4413,8,"Motor Vehicle Parts, Materials, & Products Sales",Downstream,2005,13778.0,1.0,13778.0
4413,8,"Motor Vehicle Parts, Materials, & Products Sales",Downstream,2006,13224.0,1.0,13224.0
4413,8,"Motor Vehicle Parts, Materials, & Products Sales",Downstream,2007,13006.0,1.0,13006.0
4413,8,"Motor Vehicle Parts, Materials, & Products Sales",Downstream,2008,13036.0,1.0,13036.0
4413,8,"Motor Vehicle Parts, Materials, & Products Sales",Downstream,2009,13018.0,1.0,13018.0
4413,8,"Motor Vehicle Parts, Materials, & Products Sales",Downstream,2010,14658.0,1.0,14658.0
4413,8,"Motor Vehicle Parts, Materials, & Products Sales",Downstream,2011,15135.0,1.0,15135.0
4413,8,"Motor Vehicle Parts, Materials, & Products Sales",Downstream,2012,15808.0,1.0,15808.0
4413,8,"Motor Vehicle Parts, Materials, & Products Sales",Downstream,2013,16435.0,1.0,16435.0
4413,8,"Motor Vehicle Parts, Materials, & Products Sales",Downstream,2014,17049.0,1.0,17049.0
4413,8,"Motor Vehicle Parts, Materials, & Products Sales",Downstream,2015,17572.0,1.0,17572.0
4413,8,"Motor Vehicle Parts, Materials, & Products Sales",Downstream,2016,17729.0,1.0,17729.0
4413,8,"Motor Vehicle Parts, Materials, & Products Sales",Downstream,2017,17346.0,1.0,17346.0
4413,8,"Motor Vehicle Parts, Materials, & Products Sales",Downstream,2018,17572.0,1.0,17572.0
4413,8,"Motor Vehicle Parts, Materials, & Products Sales",Downstream,2019,17717.0,1.0,17717.0
4413,8,"Motor Vehicle Parts, Materials, & Products Sales",Downstream,2020,16380.0,1.0,16380.0
4413,8,"Motor Vehicle Parts, Materials, & Products Sales",Downstream,2021,16774.0,1.0,16774.0
4413,8,"Motor Vehicle Parts, Materials, & Products Sales",Downstream,2022,17753.0,1.0,17753.0
4413,8,"Motor Vehicle Parts, Materials, & Products Sales",Downstream,2023,18165.0,1.0,18165.0
4413,8,"Motor Vehicle Parts, Materials, & Products Sales",Downstream,2024,18192.0,1.0,18192.0
4571,8,"Motor Vehicle Parts, Materials, & Products Sales",Downstream,2001,30203.17649841309,1.0,30203.17649841309
4571,8,"Motor Vehicle Parts, Materials, & Products Sales",Downstream,2002,28608.7277730306,1.0,28608.7277730306
4571,8,"Motor Vehicle Parts, Materials, & Products Sales",Downstream,2003,27283.92998377482,1.0,27283.92998377482
4571,8,"Motor Vehicle Parts, Materials, & Products Sales",Downstream,2004,25912.40278879802,1.0,25912.40278879802
4571,8,"Motor Vehicle Parts, Materials, & Products Sales",Downstream,2005,25841.06699625651,1.0,25841.06699625651
4571,8,"Motor Vehicle Parts, Materials, & Products Sales",Downstream,2006,25452.07436879476,1.0,25452.07436879476
4571,8,"Motor Vehicle Parts, Materials, & Products Sales",Downstream,2007,24617.685000101726,1.0,24617.685000101726
4571,8,"Motor Vehicle Parts, Materials, & Products Sales",Downstream,2008,24319.59295272827,1.0,24319.59295272827
4571,8,"Motor Vehicle Parts, Materials, & Products Sales",Downstream,2009,23293.23037465413,1.0,23293.23037465413
4571,8,"Motor Vehicle Parts, Materials, & Products Sales",Downstream,2010,23871.81250254313,1.0,23871.81250254313
4571,8,"Motor Vehicle Parts, Materials, & Products Sales",Downstream,2011,24173.61084620158,1.0,24173.61084620158
4571,8,"Motor Vehicle Parts, Materials, & Products Sales",Downstream,2012,23698.29066594442,1.0,23698.29066594442
4571,8,"Motor Vehicle Parts, Materials, & Products Sales",Downstream,2013,24654.90547815959,1.0,24654.90547815959
4571,8,"Motor Vehicle Parts, Materials, & Products Sales",Downstream,2014,25688.887278238926,1.0,25688.887278238926
4571,8,"Motor Vehicle Parts, Materials, & Products Sales",Downstream,2015,26382.71697362264,1.0,26382.71697362264
4571,8,"Motor Vehicle Parts, Materials, & Products Sales",Downstream,2016,26558.18589528402,1.0,26558.18589528402
4571,8,"Motor Vehicle Parts, Materials, & Products Sales",Downstream,2017,27039.93018468221,1.0,27039.93018468221
4571,8,"Motor Vehicle Parts, Materials, & Products Sales",Downstream,2018,27341.077804565433,1.0,27341.077804565433
4571,8,"Motor Vehicle Parts, Materials, & Products Sales",Downstream,2019,27625.665664672848,1.0,27625.665664672848
4571,8,"Motor Vehicle Parts, Materials, & Products Sales",Downstream,2020,25686.23542785645,1.0,25686.23542785645
4571,8,"Motor Vehicle Parts, Materials, & Products Sales",Downstream,2021,25409.623622894287,1.0,25409.623622894287
4571,8,"Motor Vehicle Parts, Materials, & Products Sales",Downstream,2022,26719.0,1.0,26719.0
4571,8,"Motor Vehicle Parts, Materials, & Products Sales",Downstream,2023,27545.0,1.0,27545.0
4571,8,"Motor Vehicle Parts, Materials, & Products Sales",Downstream,2024,27826.0,1.0,27826.0
4411,9,"Dealers, Maintenance, & Repair",Downstream,2001,42508.0,1.0,42508.0
4411,9,"Dealers, Maintenance, & Repair",Downstream,2002,43335.0,1.0,43335.0
4411,9,"Dealers, Maintenance, & Repair",Downstream,2003,42098.0,1.0,42098.0
4411,9,"Dealers, Maintenance, & Repair",Downstream,2004,41803.0,1.0,41803.0
4411,9,"Dealers, Maintenance, & Repair",Downstream,2005,41033.0,1.0,41033.0
4411,9,"Dealers, Maintenance, & Repair",Downstream,2006,39677.0,1.0,39677.0
4411,9,"Dealers, Maintenance, & Repair",Downstream,2007,38163.0,1.0,38163.0
4411,9,"Dealers, Maintenance, & Repair",Downstream,2008,36768.0,1.0,36768.0
4411,9,"Dealers, Maintenance, & Repair",Downstream,2009,33083.0,1.0,33083.0
4411,9,"Dealers, Maintenance, & Repair",Downstream,2010,31994.0,1.0,31994.0
4411,9,"Dealers, Maintenance, & Repair",Downstream,2011,32734.0,1.0,32734.0
4411,9,"Dealers, Maintenance, & Repair",Downstream,2012,33882.0,1.0,33882.0
4411,9,"Dealers, Maintenance, & Repair",Downstream,2013,34662.0,1.0,34662.0
4411,9,"Dealers, Maintenance, & Repair",Downstream,2014,36317.0,1.0,36317.0
4411,9,"Dealers, Maintenance, & Repair",Downstream,2015,38115.0,1.0,38115.0
4411,9,"Dealers, Maintenance, & Repair",Downstream,2016,39018.0,1.0,39018.0
4411,9,"Dealers, Maintenance, & Repair",Downstream,2017,39699.0,1.0,39699.0
4411,9,"Dealers, Maintenance, & Repair",Downstream,2018,39716.0,1.0,39716.0
4411,9,"Dealers, Maintenance, & Repair",Downstream,2019,39798.0,1.0,39798.0
4411,9,"Dealers, Maintenance, & Repair",Downstream,2020,36431.0,1.0,36431.0
4411,9,"Dealers, Maintenance, & Repair",Downstream,2021,37638.0,1.0,37638.0
4411,9,"Dealers, Maintenance, & Repair",Downstream,2022,37963.0,1.0,37963.0
4411,9,"Dealers, Maintenance, & Repair",Downstream,2023,38350.0,1.0,38350.0
4411,9,"Dealers, Maintenance, & Repair",Downstream,2024,38262.0,1.0,38262.0
8111,9,"Dealers, Maintenance, & Repair",Downstream,2001,33107.0,1.0,33107.0
8111,9,"Dealers, Maintenance, & Repair",Downstream,2002,33069.0,1.0,33069.0
8111,9,"Dealers, Maintenance, & Repair",Downstream,2003,32544.0,1.0,32544.0
8111,9,"Dealers, Maintenance, & Repair",Downstream,2004,32562.0,1.0,32562.0
8111,9,"Dealers, Maintenance, & Repair",Downstream,2005,30919.0,1.0,30919.0
8111,9,"Dealers, Maintenance, & Repair",Downstream,2006,29207.0,1.0,29207.0
8111,9,"Dealers, Maintenance, & Repair",Downstream,2007,28170.0,1.0,28170.0
8111,9,"Dealers, Maintenance, & Repair",Downstream,2008,27075.0,1.0,27075.0
8111,9,"Dealers, Maintenance, & Repair",Downstream,2009,25445.0,1.0,25445.0
8111,9,"Dealers, Maintenance, & Repair",Downstream,2010,25421.0,1.0,25421.0
8111,9,"Dealers, Maintenance, & Repair",Downstream,2011,25780.0,1.0,25780.0
8111,9,"Dealers, Maintenance, & Repair",Downstream,2012,26291.0,1.0,26291.0
8111,9,"Dealers, Maintenance, & Repair",Downstream,2013,26495.0,1.0,26495.0
8111,9,"Dealers, Maintenance, & Repair",Downstream,2014,27883.0,1.0,27883.0
8111,9,"Dealers, Maintenance, & Repair",Downstream,2015,28669.0,1.0,28669.0
8111,9,"Dealers, Maintenance, & Repair",Downstream,2016,29340.0,1.0,29340.0
8111,9,"Dealers, Maintenance, & Repair",Downstream,2017,28801.0,1.0,28801.0
8111,9,"Dealers, Maintenance, & Repair",Downstream,2018,28824.0,1.0,28824.0
8111,9,"Dealers, Maintenance, & Repair",Downstream,2019,29070.0,1.0,29070.0
8111,9,"Dealers, Maintenance, & Repair",Downstream,2020,25994.0,1.0,25994.0
8111,9,"Dealers, Maintenance, & Repair",Downstream,2021,28560.0,1.0,28560.0
8111,9,"Dealers, Maintenance, & Repair",Downstream,2022,29743.0,1.0,29743.0
8111,9,"Dealers, Maintenance, & Repair",Downstream,2023,30839.0,1.0,30839.0
8111,9,"Dealers, Maintenance, & Repair",Downstream,2024,31338.0,1.0,31338.0
4841,10,Logistics,Downstream,2001,24304.0,0.22,5346.88
4841,10,Logistics,Downstream,2002,23494.0,0.22,5168.68
4841,10,Logistics,Downstream,2003,23370.0,0.22,5141.4
4841,10,Logistics,Downstream,2004,25079.0,0.22,5517.38
4841,10,Logistics,Downstream,2005,26456.0,0.22,5820.32
4841,10,Logistics,Downstream,2006,27533.0,0.22,6057.26
4841,10,Logistics,Downstream,2007,28217.0,0.22,6207.74
4841,10,Logistics,Downstream,2008,27143.0,0.22,5971.46
4841,10,Logistics,Downstream,2009,24306.0,0.22,5347.32
4841,10,Logistics,Downstream,2010,25301.0,0.22,5566.22
4841,10,Logistics,Downstream,2011,27285.0,0.22,6002.7
4841,10,Logistics,Downstream,2012,28899.0,0.22,6357.78
4841,10,Logistics,Downstream,2013,30818.0,0.22,6779.96
4841,10,Logistics,Downstream,2014,32934.0,0.22,7245.4800000000005
4841,10,Logistics,Downstream,2015,34976.0,0.22,7694.72
4841,10,Logistics,Downstream,2016,35627.0,0.22,7837.94
4841,10,Logistics,Downstream,2017,35455.0,0.22,7800.1
4841,10,Logistics,Downstream,2018,36045.0,0.22,7929.9
4841,10,Logistics,Downstream,2019,36859.0,0.22,8108.9800000000005
4841,10,Logistics,Downstream,2020,34290.0,0.22,7543.8
4841,10,Logistics,Downstream,2021,35833.0,0.22,7883.26
4841,10,Logistics,Downstream,2022,37946.0,0.22,8348.12
4841,10,Logistics,Downstream,2023,37688.0,0.22,8291.36
4841,10,Logistics,Downstream,2024,35249.0,0.22,7754.78
4842,10,Logistics,Downstream,2001,12159.0,0.21,2553.39
4842,10,Logistics,Downstream,2002,12250.0,0.21,2572.5
4842,10,Logistics,Downstream,2003,11577.0,0.21,2431.17
4842,10,Logistics,Downstream,2004,10949.0,0.21,2299.29
4842,10,Logistics,Downstream,2005,10926.0,0.21,2294.46
4842,10,Logistics,Downstream,2006,11232.0,0.21,2358.72
4842,10,Logistics,Downstream,2007,12544.0,0.21,2634.24
4842,10,Logistics,Downstream,2008,11797.0,0.21,2477.37
4842,10,Logistics,Downstream,2009,9566.0,0.21,2008.86
4842,10,Logistics,Downstream,2010,8933.0,0.21,1875.9299999999998
4842,10,Logistics,Downstream,2011,9330.0,0.21,1959.3
4842,10,Logistics,Downstream,2012,9589.0,0.21,2013.6899999999998
4842,10,Logistics,Downstream,2013,9919.0,0.21,2082.99
4842,10,Logistics,Downstream,2014,10492.0,0.21,2203.3199999999997
4842,10,Logistics,Downstream,2015,10954.0,0.21,2300.3399999999997
4842,10,Logistics,Downstream,2016,11273.0,0.21,2367.33
4842,10,Logistics,Downstream,2017,11268.0,0.21,2366.2799999999997
4842,10,Logistics,Downstream,2018,11457.0,0.21,2405.97
4842,10,Logistics,Downstream,2019,11523.0,0.21,2419.83
4842,10,Logistics,Downstream,2020,10488.0,0.21,2202.48
4842,10,Logistics,Downstream,2021,10937.0,0.21,2296.77
4842,10,Logistics,Downstream,2022,11251.0,0.21,2362.71
4842,10,Logistics,Downstream,2023,11349.0,0.21,2383.29
4842,10,Logistics,Downstream,2024,11640.0,0.21,2444.4
