naics_code,Occupation Title,Occupation Code,Occupation Type,2024 Employment,2024 Percent of Industry,2024 Percent of Occupation,Projected 2034 Employment,Projected 2034 Percent of Industry,Projected 2034 Percent of Occupation,"Employment Change, 2024-2034","Employment Percent Change, 2024-2034",Occupation Sort,Display Level,source_url
3252,"Total, all occupations",00-0000,Summary,368.7,100.0,0.2,376.7,100.0,0.2,8.0,2.2,,0.0,https://data.bls.gov/projections/nationalMatrix?queryParams=3250A1&ioType=i
3252,Management occupations,11-0000,Summary,35.6,9.7,0.3,36.8,9.8,0.3,1.2,3.4,2.0,1.0,https://data.bls.gov/projections/nationalMatrix?queryParams=3250A1&ioType=i
3252,Top executives,11-1000,Summary,8.8,2.4,0.2,9.0,2.4,0.2,0.2,2.5,3.0,2.0,https://data.bls.gov/projections/nationalMatrix?queryParams=3250A1&ioType=i
3252,Chief executives,11-1011,Line Item,0.4,0.1,0.1,0.5,0.1,0.1,0.0,2.5,4.0,3.0,https://data.bls.gov/projections/nationalMatrix?queryParams=3250A1&ioType=i
3252,General and operations managers,11-1021,Line Item,8.4,2.3,0.2,8.6,2.3,0.2,0.2,2.5,5.0,3.0,https://data.bls.gov/projections/nationalMatrix?queryParams=3250A1&ioType=i
3252,"Advertising, marketing, promotions, public relations, and sales managers",11-2000,Summary,3.2,0.9,0.3,3.2,0.9,0.3,0.1,2.5,7.0,2.0,https://data.bls.gov/projections/nationalMatrix?queryParams=3250A1&ioType=i
3252,Marketing and sales managers,11-2020,Summary,3.1,0.8,0.3,3.2,0.9,0.3,0.1,2.5,9.0,3.0,https://data.bls.gov/projections/nationalMatrix?queryParams=3250A1&ioType=i
3252,Marketing managers,11-2021,Line Item,1.0,0.3,0.3,1.0,0.3,0.2,0.0,2.5,10.0,4.0,https://data.bls.gov/projections/nationalMatrix?queryParams=3250A1&ioType=i
3252,Sales managers,11-2022,Line Item,2.1,0.6,0.3,2.2,0.6,0.3,0.1,2.5,11.0,4.0,https://data.bls.gov/projections/nationalMatrix?queryParams=3250A1&ioType=i
3252,Operations specialties managers,11-3000,Summary,17.5,4.7,0.6,18.2,4.8,0.6,0.8,4.3,15.0,2.0,https://data.bls.gov/projections/nationalMatrix?queryParams=3250A1&ioType=i
3252,Administrative services and facilities managers,11-3010,Summary,1.7,0.5,0.4,1.7,0.5,0.4,0.0,2.5,16.0,3.0,https://data.bls.gov/projections/nationalMatrix?queryParams=3250A1&ioType=i
3252,Administrative services managers,11-3012,Line Item,0.4,0.1,0.2,0.5,0.1,0.2,0.0,2.5,17.0,4.0,https://data.bls.gov/projections/nationalMatrix?queryParams=3250A1&ioType=i
3252,Facilities managers,11-3013,Line Item,1.3,0.3,0.8,1.3,0.3,0.8,0.0,2.5,18.0,4.0,https://data.bls.gov/projections/nationalMatrix?queryParams=3250A1&ioType=i
3252,Computer and information systems managers,11-3021,Line Item,1.6,0.4,0.2,1.8,0.5,0.2,0.2,9.7,19.0,3.0,https://data.bls.gov/projections/nationalMatrix?queryParams=3250A1&ioType=i
3252,Financial managers,11-3031,Line Item,2.0,0.5,0.2,2.2,0.6,0.2,0.2,12.8,20.0,3.0,https://data.bls.gov/projections/nationalMatrix?queryParams=3250A1&ioType=i
3252,Industrial production managers,11-3051,Line Item,9.2,2.5,3.8,9.5,2.5,3.8,0.2,2.5,21.0,3.0,https://data.bls.gov/projections/nationalMatrix?queryParams=3250A1&ioType=i
3252,Purchasing managers,11-3061,Line Item,0.7,0.2,0.8,0.7,0.2,0.8,0.0,2.5,22.0,3.0,https://data.bls.gov/projections/nationalMatrix?queryParams=3250A1&ioType=i
3252,"Transportation, storage, and distribution managers",11-3071,Line Item,1.4,0.4,0.7,1.4,0.4,0.6,0.0,2.5,23.0,3.0,https://data.bls.gov/projections/nationalMatrix?queryParams=3250A1&ioType=i
3252,Human resources managers,11-3121,Line Item,0.7,0.2,0.3,0.7,0.2,0.3,0.0,2.5,25.0,3.0,https://data.bls.gov/projections/nationalMatrix?queryParams=3250A1&ioType=i
3252,Training and development managers,11-3131,Line Item,0.1,0.0,0.3,0.1,0.0,0.2,0.0,2.5,26.0,3.0,https://data.bls.gov/projections/nationalMatrix?queryParams=3250A1&ioType=i
3252,Other management occupations,11-9000,Summary,6.1,1.7,0.1,6.3,1.7,0.1,0.2,2.6,27.0,2.0,https://data.bls.gov/projections/nationalMatrix?queryParams=3250A1&ioType=i
3252,Construction managers,11-9021,Line Item,0.1,0.0,0.0,0.1,0.0,0.0,0.0,7.6,29.0,3.0,https://data.bls.gov/projections/nationalMatrix?queryParams=3250A1&ioType=i
3252,Architectural and engineering managers,11-9041,Line Item,2.3,0.6,1.1,2.3,0.6,1.0,0.1,2.5,35.0,3.0,https://data.bls.gov/projections/nationalMatrix?queryParams=3250A1&ioType=i
3252,Natural sciences managers,11-9121,Line Item,0.9,0.3,0.9,1.0,0.3,0.9,0.0,2.5,42.0,3.0,https://data.bls.gov/projections/nationalMatrix?queryParams=3250A1&ioType=i
3252,Emergency management directors,11-9161,Line Item,0.1,0.0,0.5,0.1,0.0,0.5,0.0,2.5,46.0,3.0,https://data.bls.gov/projections/nationalMatrix?queryParams=3250A1&ioType=i
3252,"Managers, all other",11-9199,Line Item,2.8,0.7,0.2,2.8,0.8,0.2,0.1,2.5,50.0,3.0,https://data.bls.gov/projections/nationalMatrix?queryParams=3250A1&ioType=i
3252,Business and financial operations occupations,13-0000,Summary,21.6,5.8,0.2,22.8,6.0,0.2,1.2,5.6,51.0,1.0,https://data.bls.gov/projections/nationalMatrix?queryParams=3250A1&ioType=i
3252,Business operations specialists,13-1000,Summary,17.4,4.7,0.2,18.5,4.9,0.2,1.1,6.4,52.0,2.0,https://data.bls.gov/projections/nationalMatrix?queryParams=3250A1&ioType=i
3252,Buyers and purchasing agents,13-1020,Line Item,3.4,0.9,0.7,3.7,1.0,0.7,0.3,7.6,54.0,3.0,https://data.bls.gov/projections/nationalMatrix?queryParams=3250A1&ioType=i
3252,Compliance officers,13-1041,Line Item,1.0,0.3,0.2,1.0,0.3,0.2,0.0,2.5,58.0,3.0,https://data.bls.gov/projections/nationalMatrix?queryParams=3250A1&ioType=i
3252,Cost estimators,13-1051,Line Item,0.2,0.0,0.1,0.2,0.0,0.1,0.0,-5.7,59.0,3.0,https://data.bls.gov/projections/nationalMatrix?queryParams=3250A1&ioType=i
3252,Human resources workers,13-1070,Summary,2.1,0.6,0.2,2.2,0.6,0.2,0.1,2.5,60.0,3.0,https://data.bls.gov/projections/nationalMatrix?queryParams=3250A1&ioType=i
3252,Human resources specialists,13-1071,Line Item,2.1,0.6,0.2,2.2,0.6,0.2,0.1,2.5,61.0,4.0,https://data.bls.gov/projections/nationalMatrix?queryParams=3250A1&ioType=i
3252,Logisticians and project management specialists,13-1080,Summary,5.9,1.6,0.5,6.6,1.7,0.5,0.6,10.2,64.0,3.0,https://data.bls.gov/projections/nationalMatrix?queryParams=3250A1&ioType=i
3252,Logisticians,13-1081,Line Item,3.7,1.0,1.5,4.3,1.1,1.5,0.6,14.8,65.0,4.0,https://data.bls.gov/projections/nationalMatrix?queryParams=3250A1&ioType=i
3252,Project management specialists,13-1082,Line Item,2.2,0.6,0.2,2.3,0.6,0.2,0.1,2.5,66.0,4.0,https://data.bls.gov/projections/nationalMatrix?queryParams=3250A1&ioType=i
3252,Management analysts,13-1111,Line Item,0.6,0.2,0.1,0.7,0.2,0.1,0.0,2.5,67.0,3.0,https://data.bls.gov/projections/nationalMatrix?queryParams=3250A1&ioType=i
3252,"Compensation, benefits, and job analysis specialists",13-1141,Line Item,0.2,0.0,0.2,0.2,0.0,0.2,0.0,2.5,70.0,3.0,https://data.bls.gov/projections/nationalMatrix?queryParams=3250A1&ioType=i
3252,Training and development specialists,13-1151,Line Item,1.2,0.3,0.3,1.3,0.3,0.3,0.1,7.6,71.0,3.0,https://data.bls.gov/projections/nationalMatrix?queryParams=3250A1&ioType=i
3252,Market research analysts and marketing specialists,13-1161,Line Item,1.3,0.4,0.1,1.4,0.4,0.1,0.0,2.5,72.0,3.0,https://data.bls.gov/projections/nationalMatrix?queryParams=3250A1&ioType=i
3252,"Business operations specialists, all other",13-1199,Line Item,1.4,0.4,0.1,1.4,0.4,0.1,0.0,2.5,73.0,3.0,https://data.bls.gov/projections/nationalMatrix?queryParams=3250A1&ioType=i
3252,Financial specialists,13-2000,Summary,4.1,1.1,0.1,4.2,1.1,0.1,0.1,2.4,74.0,2.0,https://data.bls.gov/projections/nationalMatrix?queryParams=3250A1&ioType=i
3252,Accountants and auditors,13-2011,Line Item,3.6,1.0,0.2,3.7,1.0,0.2,0.1,2.5,75.0,3.0,https://data.bls.gov/projections/nationalMatrix?queryParams=3250A1&ioType=i
3252,Financial analysts and advisors,13-2050,Summary,0.4,0.1,0.0,0.4,0.1,0.0,0.0,2.5,79.0,3.0,https://data.bls.gov/projections/nationalMatrix?queryParams=3250A1&ioType=i
3252,Financial and investment analysts,13-2051,Line Item,0.3,0.1,0.1,0.4,0.1,0.1,0.0,2.5,80.0,4.0,https://data.bls.gov/projections/nationalMatrix?queryParams=3250A1&ioType=i
3252,"Financial specialists, all other",13-2099,Line Item,0.1,0.0,0.1,0.1,0.0,0.1,0.0,2.5,91.0,3.0,https://data.bls.gov/projections/nationalMatrix?queryParams=3250A1&ioType=i
3252,Computer and mathematical occupations,15-0000,Summary,5.3,1.4,0.1,5.4,1.4,0.1,0.1,2.4,92.0,1.0,https://data.bls.gov/projections/nationalMatrix?queryParams=3250A1&ioType=i
3252,Computer occupations,15-1200,Summary,4.8,1.3,0.1,4.8,1.3,0.1,0.0,-0.1,93.0,2.0,https://data.bls.gov/projections/nationalMatrix?queryParams=3250A1&ioType=i
3252,Computer and information analysts,15-1210,Summary,0.7,0.2,0.1,0.7,0.2,0.1,0.0,7.4,94.0,3.0,https://data.bls.gov/projections/nationalMatrix?queryParams=3250A1&ioType=i
3252,Computer systems analysts,15-1211,Line Item,0.5,0.1,0.1,0.5,0.1,0.1,0.0,3.5,95.0,4.0,https://data.bls.gov/projections/nationalMatrix?queryParams=3250A1&ioType=i
3252,Information security analysts,15-1212,Line Item,0.1,0.0,0.1,0.2,0.0,0.1,0.0,22.0,96.0,4.0,https://data.bls.gov/projections/nationalMatrix?queryParams=3250A1&ioType=i
3252,Computer support specialists,15-1230,Summary,1.1,0.3,0.1,1.0,0.3,0.1,-0.1,-6.8,98.0,3.0,https://data.bls.gov/projections/nationalMatrix?queryParams=3250A1&ioType=i
3252,Computer network support specialists,15-1231,Line Item,0.2,0.1,0.1,0.2,0.0,0.1,0.0,-2.6,99.0,4.0,https://data.bls.gov/projections/nationalMatrix?queryParams=3250A1&ioType=i
3252,Computer user support specialists,15-1232,Line Item,0.9,0.2,0.1,0.8,0.2,0.1,-0.1,-7.7,100.0,4.0,https://data.bls.gov/projections/nationalMatrix?queryParams=3250A1&ioType=i
3252,Database and network administrators and architects,15-1240,Summary,1.1,0.3,0.2,1.1,0.3,0.2,-0.1,-5.1,101.0,3.0,https://data.bls.gov/projections/nationalMatrix?queryParams=3250A1&ioType=i
3252,Computer network architects,15-1241,Line Item,0.1,0.0,0.1,0.2,0.0,0.1,0.0,7.6,102.0,4.0,https://data.bls.gov/projections/nationalMatrix?queryParams=3250A1&ioType=i
3252,Database administrators,15-1242,Line Item,0.1,0.0,0.2,0.1,0.0,0.2,0.0,-4.7,103.0,4.0,https://data.bls.gov/projections/nationalMatrix?queryParams=3250A1&ioType=i
3252,Network and computer systems administrators,15-1244,Line Item,0.8,0.2,0.3,0.8,0.2,0.2,-0.1,-7.7,105.0,4.0,https://data.bls.gov/projections/nationalMatrix?queryParams=3250A1&ioType=i
3252,"Software and web developers, programmers, and testers",15-1250,Summary,1.1,0.3,0.0,1.2,0.3,0.0,0.1,5.5,106.0,3.0,https://data.bls.gov/projections/nationalMatrix?queryParams=3250A1&ioType=i
3252,Computer programmers,15-1251,Line Item,0.1,0.0,0.1,0.1,0.0,0.1,0.0,-7.7,107.0,4.0,https://data.bls.gov/projections/nationalMatrix?queryParams=3250A1&ioType=i
3252,Software developers,15-1252,Line Item,0.8,0.2,0.0,0.9,0.2,0.0,0.1,7.6,108.0,4.0,https://data.bls.gov/projections/nationalMatrix?queryParams=3250A1&ioType=i
3252,Software quality assurance analysts and testers,15-1253,Line Item,0.1,0.0,0.1,0.1,0.0,0.1,0.0,2.5,109.0,4.0,https://data.bls.gov/projections/nationalMatrix?queryParams=3250A1&ioType=i
3252,Web developers,15-1254,Line Item,0.1,0.0,0.1,0.1,0.0,0.1,0.0,2.5,110.0,4.0,https://data.bls.gov/projections/nationalMatrix?queryParams=3250A1&ioType=i
3252,"Computer occupations, all other",15-1299,Line Item,0.8,0.2,0.2,0.8,0.2,0.2,0.0,2.5,112.0,3.0,https://data.bls.gov/projections/nationalMatrix?queryParams=3250A1&ioType=i
3252,Mathematical science occupations,15-2000,Summary,0.5,0.1,0.1,0.6,0.2,0.1,0.1,24.8,113.0,2.0,https://data.bls.gov/projections/nationalMatrix?queryParams=3250A1&ioType=i
3252,Operations research analysts,15-2031,Line Item,0.1,0.0,0.1,0.1,0.0,0.1,0.0,17.9,116.0,3.0,https://data.bls.gov/projections/nationalMatrix?queryParams=3250A1&ioType=i
3252,Data scientists,15-2051,Line Item,0.4,0.1,0.2,0.5,0.1,0.1,0.1,28.1,118.0,3.0,https://data.bls.gov/projections/nationalMatrix?queryParams=3250A1&ioType=i
3252,Architecture and engineering occupations,17-0000,Summary,27.1,7.4,1.0,28.8,7.6,1.0,1.7,6.2,120.0,1.0,https://data.bls.gov/projections/nationalMatrix?queryParams=3250A1&ioType=i
3252,Engineers,17-2000,Summary,21.8,5.9,1.2,23.4,6.2,1.2,1.6,7.3,128.0,2.0,https://data.bls.gov/projections/nationalMatrix?queryParams=3250A1&ioType=i
3252,Chemical engineers,17-2041,Line Item,4.8,1.3,22.1,4.9,1.3,22.1,0.1,2.5,132.0,3.0,https://data.bls.gov/projections/nationalMatrix?queryParams=3250A1&ioType=i
3252,Civil engineers,17-2051,Line Item,0.1,0.0,0.0,0.1,0.0,0.0,0.0,2.5,133.0,3.0,https://data.bls.gov/projections/nationalMatrix?queryParams=3250A1&ioType=i
3252,Computer hardware engineers,17-2061,Line Item,0.1,0.0,0.1,0.1,0.0,0.1,0.0,2.5,134.0,3.0,https://data.bls.gov/projections/nationalMatrix?queryParams=3250A1&ioType=i
3252,Electrical and electronics engineers,17-2070,Summary,1.0,0.3,0.4,1.1,0.3,0.3,0.1,5.1,135.0,3.0,https://data.bls.gov/projections/nationalMatrix?queryParams=3250A1&ioType=i
3252,Electrical engineers,17-2071,Line Item,0.9,0.2,0.4,0.9,0.2,0.4,0.0,5.6,136.0,4.0,https://data.bls.gov/projections/nationalMatrix?queryParams=3250A1&ioType=i
3252,"Electronics engineers, except computer",17-2072,Line Item,0.2,0.0,0.2,0.2,0.0,0.2,0.0,2.5,137.0,4.0,https://data.bls.gov/projections/nationalMatrix?queryParams=3250A1&ioType=i
3252,Environmental engineers,17-2081,Line Item,0.5,0.1,1.3,0.5,0.1,1.3,0.0,2.5,138.0,3.0,https://data.bls.gov/projections/nationalMatrix?queryParams=3250A1&ioType=i
3252,"Industrial engineers, including health and safety",17-2110,Summary,10.1,2.7,2.7,11.2,3.0,2.7,1.1,11.0,139.0,3.0,https://data.bls.gov/projections/nationalMatrix?queryParams=3250A1&ioType=i
3252,"Health and safety engineers, except mining safety engineers and inspectors",17-2111,Line Item,0.8,0.2,3.5,0.8,0.2,3.4,0.0,2.5,140.0,4.0,https://data.bls.gov/projections/nationalMatrix?queryParams=3250A1&ioType=i
3252,Industrial engineers,17-2112,Line Item,9.3,2.5,2.6,10.3,2.7,2.7,1.1,11.7,141.0,4.0,https://data.bls.gov/projections/nationalMatrix?queryParams=3250A1&ioType=i
3252,Materials engineers,17-2131,Line Item,0.2,0.1,1.1,0.3,0.1,1.0,0.0,2.5,143.0,3.0,https://data.bls.gov/projections/nationalMatrix?queryParams=3250A1&ioType=i
3252,Mechanical engineers,17-2141,Line Item,2.2,0.6,0.7,2.4,0.6,0.7,0.2,10.7,144.0,3.0,https://data.bls.gov/projections/nationalMatrix?queryParams=3250A1&ioType=i
3252,Petroleum engineers,17-2171,Line Item,0.1,0.0,0.4,0.1,0.0,0.4,0.0,2.5,147.0,3.0,https://data.bls.gov/projections/nationalMatrix?queryParams=3250A1&ioType=i
3252,"Engineers, all other",17-2199,Line Item,2.7,0.7,1.7,2.7,0.7,1.7,0.1,2.5,148.0,3.0,https://data.bls.gov/projections/nationalMatrix?queryParams=3250A1&ioType=i
3252,"Drafters, engineering technicians, and mapping technicians",17-3000,Summary,5.3,1.4,0.8,5.4,1.4,0.8,0.1,1.2,149.0,2.0,https://data.bls.gov/projections/nationalMatrix?queryParams=3250A1&ioType=i
3252,Drafters,17-3010,Summary,0.4,0.1,0.2,0.4,0.1,0.2,0.0,-7.3,150.0,3.0,https://data.bls.gov/projections/nationalMatrix?queryParams=3250A1&ioType=i
3252,Mechanical drafters,17-3013,Line Item,0.3,0.1,0.7,0.3,0.1,0.7,0.0,-7.7,153.0,4.0,https://data.bls.gov/projections/nationalMatrix?queryParams=3250A1&ioType=i
3252,"Drafters, all other",17-3019,Line Item,0.1,0.0,0.4,0.1,0.0,0.4,0.0,-7.7,154.0,4.0,https://data.bls.gov/projections/nationalMatrix?queryParams=3250A1&ioType=i
3252,"Engineering technologists and technicians, except drafters",17-3020,Summary,4.9,1.3,1.3,5.0,1.3,1.3,0.1,1.9,155.0,3.0,https://data.bls.gov/projections/nationalMatrix?queryParams=3250A1&ioType=i
3252,Electrical and electronic engineering technologists and technicians,17-3023,Line Item,0.7,0.2,0.8,0.7,0.2,0.8,0.0,2.5,158.0,4.0,https://data.bls.gov/projections/nationalMatrix?queryParams=3250A1&ioType=i
3252,Environmental engineering technologists and technicians,17-3025,Line Item,0.1,0.0,0.6,0.1,0.0,0.6,0.0,-1.6,160.0,4.0,https://data.bls.gov/projections/nationalMatrix?queryParams=3250A1&ioType=i
3252,Industrial engineering technologists and technicians,17-3026,Line Item,2.5,0.7,3.4,2.6,0.7,3.4,0.1,2.5,161.0,4.0,https://data.bls.gov/projections/nationalMatrix?queryParams=3250A1&ioType=i
3252,Mechanical engineering technologists and technicians,17-3027,Line Item,0.5,0.1,1.2,0.5,0.1,1.2,0.0,-2.6,162.0,4.0,https://data.bls.gov/projections/nationalMatrix?queryParams=3250A1&ioType=i
3252,Calibration technologists and technicians,17-3028,Line Item,0.3,0.1,1.9,0.3,0.1,1.9,0.0,2.5,163.0,4.0,https://data.bls.gov/projections/nationalMatrix?queryParams=3250A1&ioType=i
3252,"Engineering technologists and technicians, except drafters, all other",17-3029,Line Item,0.7,0.2,1.1,0.8,0.2,1.1,0.0,2.5,164.0,4.0,https://data.bls.gov/projections/nationalMatrix?queryParams=3250A1&ioType=i
3252,"Life, physical, and social science occupations",19-0000,Summary,24.2,6.6,1.5,25.1,6.7,1.5,1.0,3.9,166.0,1.0,https://data.bls.gov/projections/nationalMatrix?queryParams=3250A1&ioType=i
3252,Life scientists,19-1000,Summary,1.1,0.3,0.3,1.1,0.3,0.3,0.0,2.5,167.0,2.0,https://data.bls.gov/projections/nationalMatrix?queryParams=3250A1&ioType=i
3252,Agricultural and food scientists,19-1010,Summary,0.3,0.1,0.9,0.3,0.1,0.8,0.0,2.5,168.0,3.0,https://data.bls.gov/projections/nationalMatrix?queryParams=3250A1&ioType=i
3252,Soil and plant scientists,19-1013,Line Item,0.3,0.1,1.4,0.3,0.1,1.4,0.0,2.5,171.0,4.0,https://data.bls.gov/projections/nationalMatrix?queryParams=3250A1&ioType=i
3252,Biological scientists,19-1020,Summary,0.7,0.2,0.5,0.8,0.2,0.5,0.0,2.5,172.0,3.0,https://data.bls.gov/projections/nationalMatrix?queryParams=3250A1&ioType=i
3252,Microbiologists,19-1022,Line Item,0.1,0.0,0.7,0.1,0.0,0.7,0.0,2.5,174.0,4.0,https://data.bls.gov/projections/nationalMatrix?queryParams=3250A1&ioType=i
3252,Physical scientists,19-2000,Summary,9.1,2.5,3.2,9.3,2.5,3.2,0.2,2.5,184.0,2.0,https://data.bls.gov/projections/nationalMatrix?queryParams=3250A1&ioType=i
3252,Chemists and materials scientists,19-2030,Summary,8.7,2.4,9.2,9.0,2.4,8.9,0.2,2.5,189.0,3.0,https://data.bls.gov/projections/nationalMatrix?queryParams=3250A1&ioType=i
3252,Chemists,19-2031,Line Item,8.2,2.2,9.4,8.4,2.2,9.2,0.2,2.5,190.0,4.0,https://data.bls.gov/projections/nationalMatrix?queryParams=3250A1&ioType=i
3252,Materials scientists,19-2032,Line Item,0.6,0.1,6.3,0.6,0.1,6.2,0.0,2.5,191.0,4.0,https://data.bls.gov/projections/nationalMatrix?queryParams=3250A1&ioType=i
3252,Environmental scientists and geoscientists,19-2040,Summary,0.4,0.1,0.3,0.4,0.1,0.3,0.0,2.5,192.0,3.0,https://data.bls.gov/projections/nationalMatrix?queryParams=3250A1&ioType=i
3252,"Environmental scientists and specialists, including health",19-2041,Line Item,0.4,0.1,0.4,0.4,0.1,0.4,0.0,2.5,193.0,4.0,https://data.bls.gov/projections/nationalMatrix?queryParams=3250A1&ioType=i
3252,"Life, physical, and social science technicians",19-4000,Summary,10.3,2.8,2.5,10.5,2.8,2.4,0.3,2.5,213.0,2.0,https://data.bls.gov/projections/nationalMatrix?queryParams=3250A1&ioType=i
3252,Agricultural and food science technicians,19-4010,Summary,0.2,0.1,0.5,0.2,0.1,0.5,0.0,2.5,214.0,3.0,https://data.bls.gov/projections/nationalMatrix?queryParams=3250A1&ioType=i
3252,Food science technicians,19-4013,Line Item,0.1,0.0,0.4,0.1,0.0,0.4,0.0,2.5,216.0,4.0,https://data.bls.gov/projections/nationalMatrix?queryParams=3250A1&ioType=i
3252,Biological technicians,19-4021,Line Item,0.1,0.0,0.1,0.1,0.0,0.1,0.0,2.5,217.0,3.0,https://data.bls.gov/projections/nationalMatrix?queryParams=3250A1&ioType=i
3252,Chemical technicians,19-4031,Line Item,9.0,2.5,15.9,9.3,2.5,15.7,0.2,2.5,218.0,3.0,https://data.bls.gov/projections/nationalMatrix?queryParams=3250A1&ioType=i
3252,Environmental science and geoscience technicians,19-4040,Summary,0.1,0.0,0.2,0.1,0.0,0.2,0.0,2.5,219.0,3.0,https://data.bls.gov/projections/nationalMatrix?queryParams=3250A1&ioType=i
3252,"Environmental science and protection technicians, including health",19-4042,Line Item,0.1,0.0,0.3,0.1,0.0,0.3,0.0,2.5,220.0,4.0,https://data.bls.gov/projections/nationalMatrix?queryParams=3250A1&ioType=i
3252,"Miscellaneous life, physical, and social science technicians",19-4090,Summary,0.8,0.2,0.8,0.8,0.2,0.7,0.0,2.5,226.0,3.0,https://data.bls.gov/projections/nationalMatrix?queryParams=3250A1&ioType=i
3252,"Life, physical, and social science technicians, all other",19-4099,Line Item,0.8,0.2,1.0,0.8,0.2,1.0,0.0,2.5,228.0,4.0,https://data.bls.gov/projections/nationalMatrix?queryParams=3250A1&ioType=i
3252,Occupational health and safety specialists and technicians,19-5000,Summary,3.7,1.0,2.2,4.1,1.1,2.2,0.4,12.0,229.0,2.0,https://data.bls.gov/projections/nationalMatrix?queryParams=3250A1&ioType=i
3252,Occupational health and safety specialists,19-5011,Line Item,2.9,0.8,2.2,3.3,0.9,2.2,0.4,13.8,230.0,3.0,https://data.bls.gov/projections/nationalMatrix?queryParams=3250A1&ioType=i
3252,Occupational health and safety technicians,19-5012,Line Item,0.8,0.2,2.4,0.8,0.2,2.4,0.0,5.6,231.0,3.0,https://data.bls.gov/projections/nationalMatrix?queryParams=3250A1&ioType=i
3252,Legal occupations,23-0000,Summary,0.2,0.1,0.0,0.2,0.1,0.0,0.0,1.7,255.0,1.0,https://data.bls.gov/projections/nationalMatrix?queryParams=3250A1&ioType=i
3252,"Lawyers, judges, and related workers",23-1000,Summary,0.2,0.0,0.0,0.2,0.0,0.0,0.0,2.5,256.0,2.0,https://data.bls.gov/projections/nationalMatrix?queryParams=3250A1&ioType=i
3252,Lawyers and judicial law clerks,23-1010,Summary,0.2,0.0,0.0,0.2,0.0,0.0,0.0,2.5,257.0,3.0,https://data.bls.gov/projections/nationalMatrix?queryParams=3250A1&ioType=i
3252,Lawyers,23-1011,Line Item,0.2,0.0,0.0,0.2,0.0,0.0,0.0,2.5,258.0,4.0,https://data.bls.gov/projections/nationalMatrix?queryParams=3250A1&ioType=i
3252,"Arts, design, entertainment, sports, and media occupations",27-0000,Summary,0.7,0.2,0.0,0.7,0.2,0.0,0.0,2.0,355.0,1.0,https://data.bls.gov/projections/nationalMatrix?queryParams=3250A1&ioType=i
3252,Art and design workers,27-1000,Summary,0.4,0.1,0.0,0.4,0.1,0.0,0.0,2.5,356.0,2.0,https://data.bls.gov/projections/nationalMatrix?queryParams=3250A1&ioType=i
3252,Designers,27-1020,Summary,0.3,0.1,0.0,0.4,0.1,0.0,0.0,2.5,363.0,3.0,https://data.bls.gov/projections/nationalMatrix?queryParams=3250A1&ioType=i
3252,Commercial and industrial designers,27-1021,Line Item,0.1,0.0,0.3,0.1,0.0,0.3,0.0,2.5,364.0,4.0,https://data.bls.gov/projections/nationalMatrix?queryParams=3250A1&ioType=i
3252,Graphic designers,27-1024,Line Item,0.3,0.1,0.1,0.3,0.1,0.1,0.0,2.5,367.0,4.0,https://data.bls.gov/projections/nationalMatrix?queryParams=3250A1&ioType=i
3252,Media and communication workers,27-3000,Summary,0.3,0.1,0.0,0.3,0.1,0.0,0.0,1.3,390.0,2.0,https://data.bls.gov/projections/nationalMatrix?queryParams=3250A1&ioType=i
3252,Public relations specialists,27-3031,Line Item,0.2,0.1,0.1,0.2,0.1,0.1,0.0,2.5,393.0,3.0,https://data.bls.gov/projections/nationalMatrix?queryParams=3250A1&ioType=i
3252,Writers and editors,27-3040,Summary,0.1,0.0,0.0,0.1,0.0,0.0,0.0,-2.5,394.0,3.0,https://data.bls.gov/projections/nationalMatrix?queryParams=3250A1&ioType=i
3252,Technical writers,27-3042,Line Item,0.1,0.0,0.1,0.1,0.0,0.1,0.0,-2.6,396.0,4.0,https://data.bls.gov/projections/nationalMatrix?queryParams=3250A1&ioType=i
3252,Healthcare practitioners and technical occupations,29-0000,Summary,0.1,0.0,0.0,0.2,0.0,0.0,0.0,5.8,414.0,1.0,https://data.bls.gov/projections/nationalMatrix?queryParams=3250A1&ioType=i
3252,Healthcare diagnosing or treating practitioners,29-1000,Summary,0.1,0.0,0.0,0.1,0.0,0.0,0.0,6.9,415.0,2.0,https://data.bls.gov/projections/nationalMatrix?queryParams=3250A1&ioType=i
3252,Registered nurses,29-1141,Line Item,0.1,0.0,0.0,0.1,0.0,0.0,0.0,2.5,438.0,3.0,https://data.bls.gov/projections/nationalMatrix?queryParams=3250A1&ioType=i
3252,Protective service occupations,33-0000,Summary,0.5,0.1,0.0,0.5,0.1,0.0,0.0,-4.7,524.0,1.0,https://data.bls.gov/projections/nationalMatrix?queryParams=3250A1&ioType=i
3252,Other protective service workers,33-9000,Summary,0.4,0.1,0.0,0.4,0.1,0.0,0.0,-5.2,548.0,2.0,https://data.bls.gov/projections/nationalMatrix?queryParams=3250A1&ioType=i
3252,Security guards and gambling surveillance officers,33-9030,Summary,0.4,0.1,0.0,0.4,0.1,0.0,0.0,-5.7,551.0,3.0,https://data.bls.gov/projections/nationalMatrix?queryParams=3250A1&ioType=i
3252,Security guards,33-9032,Line Item,0.4,0.1,0.0,0.4,0.1,0.0,0.0,-5.7,553.0,4.0,https://data.bls.gov/projections/nationalMatrix?queryParams=3250A1&ioType=i
3252,Building and grounds cleaning and maintenance occupations,37-0000,Summary,1.3,0.3,0.0,1.3,0.3,0.0,0.0,2.5,583.0,1.0,https://data.bls.gov/projections/nationalMatrix?queryParams=3250A1&ioType=i
3252,Building cleaning and pest control workers,37-2000,Summary,1.0,0.3,0.0,1.1,0.3,0.0,0.0,2.5,587.0,2.0,https://data.bls.gov/projections/nationalMatrix?queryParams=3250A1&ioType=i
3252,Building cleaning workers,37-2010,Summary,1.0,0.3,0.0,1.0,0.3,0.0,0.0,2.5,588.0,3.0,https://data.bls.gov/projections/nationalMatrix?queryParams=3250A1&ioType=i
3252,"Janitors and cleaners, except maids and housekeeping cleaners",37-2011,Line Item,1.0,0.3,0.0,1.0,0.3,0.0,0.0,2.5,589.0,4.0,https://data.bls.gov/projections/nationalMatrix?queryParams=3250A1&ioType=i
3252,Grounds maintenance workers,37-3000,Summary,0.2,0.1,0.0,0.2,0.1,0.0,0.0,2.5,593.0,2.0,https://data.bls.gov/projections/nationalMatrix?queryParams=3250A1&ioType=i
3252,Landscaping and groundskeeping workers,37-3011,Line Item,0.1,0.0,0.0,0.1,0.0,0.0,0.0,2.5,594.0,3.0,https://data.bls.gov/projections/nationalMatrix?queryParams=3250A1&ioType=i
3252,Sales and related occupations,41-0000,Summary,9.2,2.5,0.1,9.1,2.4,0.1,-0.1,-0.6,646.0,1.0,https://data.bls.gov/projections/nationalMatrix?queryParams=3250A1&ioType=i
3252,Supervisors of sales workers,41-1000,Summary,0.5,0.1,0.0,0.5,0.1,0.0,0.0,2.5,647.0,2.0,https://data.bls.gov/projections/nationalMatrix?queryParams=3250A1&ioType=i
3252,First-line supervisors of non-retail sales workers,41-1012,Line Item,0.5,0.1,0.1,0.5,0.1,0.2,0.0,2.5,649.0,3.0,https://data.bls.gov/projections/nationalMatrix?queryParams=3250A1&ioType=i
3252,Retail sales workers,41-2000,Summary,0.1,0.0,0.0,0.1,0.0,0.0,0.0,2.5,650.0,2.0,https://data.bls.gov/projections/nationalMatrix?queryParams=3250A1&ioType=i
3252,Retail salespersons,41-2031,Line Item,0.1,0.0,0.0,0.1,0.0,0.0,0.0,2.5,657.0,3.0,https://data.bls.gov/projections/nationalMatrix?queryParams=3250A1&ioType=i
3252,"Sales representatives, services",41-3000,Summary,0.4,0.1,0.0,0.4,0.1,0.0,0.0,-0.6,658.0,2.0,https://data.bls.gov/projections/nationalMatrix?queryParams=3250A1&ioType=i
3252,"Sales representatives of services, except advertising, insurance, financial services, and travel",41-3091,Line Item,0.4,0.1,0.0,0.4,0.1,0.0,0.0,-0.6,663.0,3.0,https://data.bls.gov/projections/nationalMatrix?queryParams=3250A1&ioType=i
3252,"Sales representatives, wholesale and manufacturing",41-4000,Summary,7.9,2.2,0.5,7.9,2.1,0.5,-0.1,-0.9,664.0,2.0,https://data.bls.gov/projections/nationalMatrix?queryParams=3250A1&ioType=i
3252,"Sales representatives, wholesale and manufacturing, technical and scientific products",41-4011,Line Item,1.3,0.3,0.4,1.2,0.3,0.4,0.0,-2.6,665.0,3.0,https://data.bls.gov/projections/nationalMatrix?queryParams=3250A1&ioType=i
3252,"Sales representatives, wholesale and manufacturing, except technical and scientific products",41-4012,Line Item,6.7,1.8,0.5,6.6,1.8,0.5,0.0,-0.6,666.0,3.0,https://data.bls.gov/projections/nationalMatrix?queryParams=3250A1&ioType=i
3252,Other sales and related workers,41-9000,Summary,0.2,0.1,0.0,0.2,0.1,0.0,0.0,1.2,667.0,2.0,https://data.bls.gov/projections/nationalMatrix?queryParams=3250A1&ioType=i
3252,Sales engineers,41-9031,Line Item,0.2,0.0,0.3,0.2,0.0,0.3,0.0,0.5,674.0,3.0,https://data.bls.gov/projections/nationalMatrix?queryParams=3250A1&ioType=i
3252,Office and administrative support occupations,43-0000,Summary,26.6,7.2,0.1,25.0,6.6,0.1,-1.6,-6.1,679.0,1.0,https://data.bls.gov/projections/nationalMatrix?queryParams=3250A1&ioType=i
3252,Supervisors of office and administrative support workers,43-1000,Summary,2.2,0.6,0.1,2.2,0.6,0.1,-0.1,-2.6,680.0,2.0,https://data.bls.gov/projections/nationalMatrix?queryParams=3250A1&ioType=i
3252,First-line supervisors of office and administrative support workers,43-1011,Line Item,2.2,0.6,0.1,2.2,0.6,0.1,-0.1,-2.6,681.0,3.0,https://data.bls.gov/projections/nationalMatrix?queryParams=3250A1&ioType=i
3252,Financial clerks,43-3000,Summary,3.0,0.8,0.1,2.8,0.7,0.1,-0.2,-8.2,686.0,2.0,https://data.bls.gov/projections/nationalMatrix?queryParams=3250A1&ioType=i
3252,Billing and posting clerks,43-3021,Line Item,0.2,0.0,0.0,0.2,0.0,0.0,0.0,-7.7,688.0,3.0,https://data.bls.gov/projections/nationalMatrix?queryParams=3250A1&ioType=i
3252,"Bookkeeping, accounting, and auditing clerks",43-3031,Line Item,2.4,0.7,0.2,2.2,0.6,0.1,-0.2,-7.7,689.0,3.0,https://data.bls.gov/projections/nationalMatrix?queryParams=3250A1&ioType=i
3252,Payroll and timekeeping clerks,43-3051,Line Item,0.2,0.0,0.1,0.1,0.0,0.1,0.0,-18.0,691.0,3.0,https://data.bls.gov/projections/nationalMatrix?queryParams=3250A1&ioType=i
3252,Procurement clerks,43-3061,Line Item,0.2,0.1,0.4,0.2,0.1,0.4,0.0,-7.7,692.0,3.0,https://data.bls.gov/projections/nationalMatrix?queryParams=3250A1&ioType=i
3252,Information and record clerks,43-4000,Summary,4.2,1.1,0.1,3.9,1.0,0.1,-0.3,-8.0,695.0,2.0,https://data.bls.gov/projections/nationalMatrix?queryParams=3250A1&ioType=i
3252,Customer service representatives,43-4051,Line Item,3.8,1.0,0.1,3.5,0.9,0.1,-0.3,-7.7,700.0,3.0,https://data.bls.gov/projections/nationalMatrix?queryParams=3250A1&ioType=i
3252,Order clerks,43-4151,Line Item,0.2,0.0,0.2,0.1,0.0,0.2,0.0,-18.0,708.0,3.0,https://data.bls.gov/projections/nationalMatrix?queryParams=3250A1&ioType=i
3252,"Human resources assistants, except payroll and timekeeping",43-4161,Line Item,0.1,0.0,0.1,0.1,0.0,0.1,0.0,-7.7,709.0,3.0,https://data.bls.gov/projections/nationalMatrix?queryParams=3250A1&ioType=i
3252,Receptionists and information clerks,43-4171,Line Item,0.1,0.0,0.0,0.1,0.0,0.0,0.0,-3.6,710.0,3.0,https://data.bls.gov/projections/nationalMatrix?queryParams=3250A1&ioType=i
3252,"Material recording, scheduling, dispatching, and distributing workers",43-5000,Summary,10.9,2.9,0.4,10.2,2.7,0.4,-0.6,-5.7,713.0,2.0,https://data.bls.gov/projections/nationalMatrix?queryParams=3250A1&ioType=i
3252,Dispatchers,43-5030,Summary,0.2,0.1,0.1,0.2,0.1,0.1,0.0,-2.6,716.0,3.0,https://data.bls.gov/projections/nationalMatrix?queryParams=3250A1&ioType=i
3252,"Dispatchers, except police, fire, and ambulance",43-5032,Line Item,0.2,0.1,0.1,0.2,0.1,0.1,0.0,-2.6,718.0,4.0,https://data.bls.gov/projections/nationalMatrix?queryParams=3250A1&ioType=i
3252,"Production, planning, and expediting clerks",43-5061,Line Item,4.0,1.1,1.0,3.9,1.0,1.0,-0.1,-2.6,724.0,3.0,https://data.bls.gov/projections/nationalMatrix?queryParams=3250A1&ioType=i
3252,"Shipping, receiving, and inventory clerks",43-5071,Line Item,6.3,1.7,0.7,5.8,1.5,0.7,-0.5,-7.7,725.0,3.0,https://data.bls.gov/projections/nationalMatrix?queryParams=3250A1&ioType=i
3252,"Weighers, measurers, checkers, and samplers, recordkeeping",43-5111,Line Item,0.3,0.1,0.6,0.3,0.1,0.6,0.0,-7.7,726.0,3.0,https://data.bls.gov/projections/nationalMatrix?queryParams=3250A1&ioType=i
3252,Secretaries and administrative assistants,43-6000,Summary,3.3,0.9,0.1,3.2,0.8,0.1,-0.1,-2.6,727.0,2.0,https://data.bls.gov/projections/nationalMatrix?queryParams=3250A1&ioType=i
3252,Executive secretaries and executive administrative assistants,43-6011,Line Item,0.7,0.2,0.1,0.7,0.2,0.1,0.0,-2.6,728.0,3.0,https://data.bls.gov/projections/nationalMatrix?queryParams=3250A1&ioType=i
3252,"Secretaries and administrative assistants, except legal, medical, and executive",43-6014,Line Item,2.6,0.7,0.1,2.5,0.7,0.1,-0.1,-2.6,731.0,3.0,https://data.bls.gov/projections/nationalMatrix?queryParams=3250A1&ioType=i
3252,Other office and administrative support workers,43-9000,Summary,3.0,0.8,0.1,2.7,0.7,0.1,-0.3,-8.8,732.0,2.0,https://data.bls.gov/projections/nationalMatrix?queryParams=3250A1&ioType=i
3252,Data entry and information processing workers,43-9020,Summary,0.1,0.0,0.1,0.1,0.0,0.1,0.0,-28.3,733.0,3.0,https://data.bls.gov/projections/nationalMatrix?queryParams=3250A1&ioType=i
3252,Data entry keyers,43-9021,Line Item,0.1,0.0,0.1,0.1,0.0,0.1,0.0,-28.2,734.0,4.0,https://data.bls.gov/projections/nationalMatrix?queryParams=3250A1&ioType=i
3252,"Office clerks, general",43-9061,Line Item,2.6,0.7,0.1,2.4,0.6,0.1,-0.2,-7.7,739.0,3.0,https://data.bls.gov/projections/nationalMatrix?queryParams=3250A1&ioType=i
3252,"Office and administrative support workers, all other",43-9199,Line Item,0.2,0.0,0.1,0.2,0.0,0.1,0.0,-9.8,743.0,3.0,https://data.bls.gov/projections/nationalMatrix?queryParams=3250A1&ioType=i
3252,"Farming, fishing, and forestry occupations",45-0000,Summary,0.3,0.1,0.0,0.3,0.1,0.0,0.0,0.4,744.0,1.0,https://data.bls.gov/projections/nationalMatrix?queryParams=3250A1&ioType=i
3252,Agricultural workers,45-2000,Summary,0.3,0.1,0.0,0.3,0.1,0.0,0.0,0.3,747.0,2.0,https://data.bls.gov/projections/nationalMatrix?queryParams=3250A1&ioType=i
3252,Miscellaneous agricultural workers,45-2090,Summary,0.3,0.1,0.0,0.3,0.1,0.0,0.0,0.3,751.0,3.0,https://data.bls.gov/projections/nationalMatrix?queryParams=3250A1&ioType=i
3252,Agricultural equipment operators,45-2091,Line Item,0.1,0.0,0.2,0.1,0.0,0.2,0.0,2.5,752.0,4.0,https://data.bls.gov/projections/nationalMatrix?queryParams=3250A1&ioType=i
3252,"Farmworkers and laborers, crop, nursery, and greenhouse",45-2092,Line Item,0.1,0.0,0.0,0.1,0.0,0.0,0.0,-2.6,753.0,4.0,https://data.bls.gov/projections/nationalMatrix?queryParams=3250A1&ioType=i
3252,Construction and extraction occupations,47-0000,Summary,3.0,0.8,0.0,3.1,0.8,0.0,0.1,2.5,765.0,1.0,https://data.bls.gov/projections/nationalMatrix?queryParams=3250A1&ioType=i
3252,Supervisors of construction and extraction workers,47-1000,Summary,0.1,0.0,0.0,0.1,0.0,0.0,0.0,2.5,766.0,2.0,https://data.bls.gov/projections/nationalMatrix?queryParams=3250A1&ioType=i
3252,First-line supervisors of construction trades and extraction workers,47-1011,Line Item,0.1,0.0,0.0,0.1,0.0,0.0,0.0,2.5,767.0,3.0,https://data.bls.gov/projections/nationalMatrix?queryParams=3250A1&ioType=i
3252,Construction trades workers,47-2000,Summary,2.4,0.7,0.0,2.5,0.7,0.0,0.1,2.5,768.0,2.0,https://data.bls.gov/projections/nationalMatrix?queryParams=3250A1&ioType=i
3252,Construction equipment operators,47-2070,Summary,0.2,0.1,0.0,0.2,0.1,0.0,0.0,2.5,783.0,3.0,https://data.bls.gov/projections/nationalMatrix?queryParams=3250A1&ioType=i
3252,Operating engineers and other construction equipment operators,47-2073,Line Item,0.2,0.1,0.0,0.2,0.1,0.0,0.0,2.5,786.0,4.0,https://data.bls.gov/projections/nationalMatrix?queryParams=3250A1&ioType=i
3252,Electricians,47-2111,Line Item,1.8,0.5,0.2,1.9,0.5,0.2,0.0,2.5,790.0,3.0,https://data.bls.gov/projections/nationalMatrix?queryParams=3250A1&ioType=i
3252,"Pipelayers, plumbers, pipefitters, and steamfitters",47-2150,Summary,0.3,0.1,0.1,0.3,0.1,0.1,0.0,2.5,798.0,3.0,https://data.bls.gov/projections/nationalMatrix?queryParams=3250A1&ioType=i
3252,"Plumbers, pipefitters, and steamfitters",47-2152,Line Item,0.3,0.1,0.1,0.3,0.1,0.1,0.0,2.5,800.0,4.0,https://data.bls.gov/projections/nationalMatrix?queryParams=3250A1&ioType=i
3252,Other construction and related workers,47-4000,Summary,0.1,0.0,0.0,0.1,0.0,0.0,0.0,1.5,815.0,2.0,https://data.bls.gov/projections/nationalMatrix?queryParams=3250A1&ioType=i
3252,Extraction workers,47-5000,Summary,0.3,0.1,0.2,0.3,0.1,0.2,0.0,2.5,824.0,2.0,https://data.bls.gov/projections/nationalMatrix?queryParams=3250A1&ioType=i
3252,Surface mining machine operators and earth drillers,47-5020,Summary,0.2,0.0,0.3,0.2,0.0,0.3,0.0,2.5,829.0,3.0,https://data.bls.gov/projections/nationalMatrix?queryParams=3250A1&ioType=i
3252,"Excavating and loading machine and dragline operators, surface mining",47-5022,Line Item,0.2,0.0,0.4,0.2,0.0,0.5,0.0,2.5,830.0,4.0,https://data.bls.gov/projections/nationalMatrix?queryParams=3250A1&ioType=i
3252,"Explosives workers, ordnance handling experts, and blasters",47-5032,Line Item,0.2,0.0,3.0,0.2,0.0,3.1,0.0,2.5,832.0,3.0,https://data.bls.gov/projections/nationalMatrix?queryParams=3250A1&ioType=i
3252,"Installation, maintenance, and repair occupations",49-0000,Summary,30.3,8.2,0.5,33.3,8.8,0.5,3.0,9.8,842.0,1.0,https://data.bls.gov/projections/nationalMatrix?queryParams=3250A1&ioType=i
3252,"Supervisors of installation, maintenance, and repair workers",49-1000,Summary,4.2,1.2,0.7,4.3,1.2,0.7,0.1,2.5,843.0,2.0,https://data.bls.gov/projections/nationalMatrix?queryParams=3250A1&ioType=i
3252,"First-line supervisors of mechanics, installers, and repairers",49-1011,Line Item,4.2,1.2,0.7,4.3,1.2,0.7,0.1,2.5,844.0,3.0,https://data.bls.gov/projections/nationalMatrix?queryParams=3250A1&ioType=i
3252,"Electrical and electronic equipment mechanics, installers, and repairers",49-2000,Summary,1.7,0.5,0.3,1.7,0.4,0.3,0.0,-0.5,845.0,2.0,https://data.bls.gov/projections/nationalMatrix?queryParams=3250A1&ioType=i
3252,"Miscellaneous electrical and electronic equipment mechanics, installers, and repairers",49-2090,Summary,1.7,0.5,0.7,1.7,0.4,0.6,0.0,-0.5,850.0,3.0,https://data.bls.gov/projections/nationalMatrix?queryParams=3250A1&ioType=i
3252,"Electrical and electronics repairers, commercial and industrial equipment",49-2094,Line Item,1.6,0.4,2.7,1.6,0.4,2.7,0.0,-0.6,854.0,4.0,https://data.bls.gov/projections/nationalMatrix?queryParams=3250A1&ioType=i
3252,"Vehicle and mobile equipment mechanics, installers, and repairers",49-3000,Summary,0.8,0.2,0.0,0.8,0.2,0.0,0.0,2.5,859.0,2.0,https://data.bls.gov/projections/nationalMatrix?queryParams=3250A1&ioType=i
3252,Bus and truck mechanics and diesel engine specialists,49-3031,Line Item,0.5,0.1,0.2,0.5,0.1,0.2,0.0,2.5,865.0,3.0,https://data.bls.gov/projections/nationalMatrix?queryParams=3250A1&ioType=i
3252,Heavy vehicle and mobile equipment service technicians and mechanics,49-3040,Summary,0.2,0.1,0.1,0.2,0.1,0.1,0.0,2.5,866.0,3.0,https://data.bls.gov/projections/nationalMatrix?queryParams=3250A1&ioType=i
3252,"Mobile heavy equipment mechanics, except engines",49-3042,Line Item,0.2,0.1,0.1,0.2,0.1,0.1,0.0,2.5,868.0,4.0,https://data.bls.gov/projections/nationalMatrix?queryParams=3250A1&ioType=i
3252,"Other installation, maintenance, and repair occupations",49-9000,Summary,23.6,6.4,0.7,26.5,7.0,0.7,2.8,12.0,878.0,2.0,https://data.bls.gov/projections/nationalMatrix?queryParams=3250A1&ioType=i
3252,Control and valve installers and repairers,49-9010,Summary,0.4,0.1,0.5,0.4,0.1,0.5,0.0,2.5,879.0,3.0,https://data.bls.gov/projections/nationalMatrix?queryParams=3250A1&ioType=i
3252,"Control and valve installers and repairers, except mechanical door",49-9012,Line Item,0.4,0.1,0.8,0.4,0.1,0.8,0.0,2.5,881.0,4.0,https://data.bls.gov/projections/nationalMatrix?queryParams=3250A1&ioType=i
3252,"Heating, air conditioning, and refrigeration mechanics and installers",49-9021,Line Item,0.1,0.0,0.0,0.1,0.0,0.0,0.0,2.5,882.0,3.0,https://data.bls.gov/projections/nationalMatrix?queryParams=3250A1&ioType=i
3252,"Industrial machinery installation, repair, and maintenance workers",49-9040,Summary,13.3,3.6,2.5,15.9,4.2,2.6,2.6,19.5,884.0,3.0,https://data.bls.gov/projections/nationalMatrix?queryParams=3250A1&ioType=i
3252,Industrial machinery mechanics,49-9041,Line Item,11.2,3.1,2.6,13.8,3.7,2.7,2.6,23.0,885.0,4.0,https://data.bls.gov/projections/nationalMatrix?queryParams=3250A1&ioType=i
3252,"Maintenance workers, machinery",49-9043,Line Item,1.5,0.4,2.6,1.5,0.4,2.6,0.0,-2.6,886.0,4.0,https://data.bls.gov/projections/nationalMatrix?queryParams=3250A1&ioType=i
3252,Millwrights,49-9044,Line Item,0.6,0.2,1.4,0.6,0.2,1.5,0.0,7.6,887.0,4.0,https://data.bls.gov/projections/nationalMatrix?queryParams=3250A1&ioType=i
3252,Precision instrument and equipment repairers,49-9060,Summary,0.1,0.0,0.2,0.1,0.0,0.1,0.0,2.5,892.0,3.0,https://data.bls.gov/projections/nationalMatrix?queryParams=3250A1&ioType=i
3252,"Precision instrument and equipment repairers, all other",49-9069,Line Item,0.1,0.0,1.3,0.1,0.0,1.3,0.0,2.5,897.0,4.0,https://data.bls.gov/projections/nationalMatrix?queryParams=3250A1&ioType=i
3252,"Maintenance and repair workers, general",49-9071,Line Item,9.2,2.5,0.6,9.5,2.5,0.6,0.2,2.5,898.0,3.0,https://data.bls.gov/projections/nationalMatrix?queryParams=3250A1&ioType=i
3252,"Miscellaneous installation, maintenance, and repair workers",49-9090,Summary,0.5,0.1,0.1,0.5,0.1,0.1,0.0,2.5,900.0,3.0,https://data.bls.gov/projections/nationalMatrix?queryParams=3250A1&ioType=i
3252,"Helpers--installation, maintenance, and repair workers",49-9098,Line Item,0.1,0.0,0.1,0.1,0.0,0.1,0.0,2.5,907.0,4.0,https://data.bls.gov/projections/nationalMatrix?queryParams=3250A1&ioType=i
3252,"Installation, maintenance, and repair workers, all other",49-9099,Line Item,0.4,0.1,0.2,0.4,0.1,0.2,0.0,2.5,908.0,4.0,https://data.bls.gov/projections/nationalMatrix?queryParams=3250A1&ioType=i
3252,Production occupations,51-0000,Summary,154.7,42.0,1.7,155.5,41.3,1.7,0.8,0.5,909.0,1.0,https://data.bls.gov/projections/nationalMatrix?queryParams=3250A1&ioType=i
3252,Supervisors of production workers,51-1000,Summary,18.6,5.1,2.7,19.1,5.1,2.7,0.5,2.5,910.0,2.0,https://data.bls.gov/projections/nationalMatrix?queryParams=3250A1&ioType=i
3252,First-line supervisors of production and operating workers,51-1011,Line Item,18.6,5.1,2.7,19.1,5.1,2.7,0.5,2.5,911.0,3.0,https://data.bls.gov/projections/nationalMatrix?queryParams=3250A1&ioType=i
3252,Assemblers and fabricators,51-2000,Summary,3.5,1.0,0.2,3.6,1.0,0.2,0.1,2.5,912.0,2.0,https://data.bls.gov/projections/nationalMatrix?queryParams=3250A1&ioType=i
3252,Miscellaneous assemblers and fabricators,51-2090,Line Item,3.5,0.9,0.2,3.6,0.9,0.2,0.1,2.5,921.0,3.0,https://data.bls.gov/projections/nationalMatrix?queryParams=3250A1&ioType=i
3252,Food processing workers,51-3000,Summary,0.3,0.1,0.0,0.3,0.1,0.0,0.0,2.5,922.0,2.0,https://data.bls.gov/projections/nationalMatrix?queryParams=3250A1&ioType=i
3252,Miscellaneous food processing workers,51-3090,Summary,0.3,0.1,0.1,0.3,0.1,0.1,0.0,2.5,928.0,3.0,https://data.bls.gov/projections/nationalMatrix?queryParams=3250A1&ioType=i
3252,Food batchmakers,51-3092,Line Item,0.3,0.1,0.2,0.3,0.1,0.1,0.0,2.5,930.0,4.0,https://data.bls.gov/projections/nationalMatrix?queryParams=3250A1&ioType=i
3252,Metal workers and plastic workers,51-4000,Summary,6.1,1.6,0.4,5.9,1.6,0.4,-0.2,-2.8,933.0,2.0,https://data.bls.gov/projections/nationalMatrix?queryParams=3250A1&ioType=i
3252,"Forming machine setters, operators, and tenders, metal and plastic",51-4020,Summary,3.0,0.8,3.1,2.9,0.8,3.1,-0.1,-3.9,934.0,3.0,https://data.bls.gov/projections/nationalMatrix?queryParams=3250A1&ioType=i
3252,"Extruding and drawing machine setters, operators, and tenders, metal and plastic",51-4021,Line Item,2.6,0.7,3.9,2.5,0.7,3.7,-0.1,-2.6,935.0,4.0,https://data.bls.gov/projections/nationalMatrix?queryParams=3250A1&ioType=i
3252,"Forging machine setters, operators, and tenders, metal and plastic",51-4022,Line Item,0.3,0.1,3.2,0.2,0.1,3.5,0.0,-12.9,936.0,4.0,https://data.bls.gov/projections/nationalMatrix?queryParams=3250A1&ioType=i
3252,"Rolling machine setters, operators, and tenders, metal and plastic",51-4023,Line Item,0.2,0.0,0.7,0.1,0.0,0.7,0.0,-7.7,937.0,4.0,https://data.bls.gov/projections/nationalMatrix?queryParams=3250A1&ioType=i
3252,"Machine tool cutting setters, operators, and tenders, metal and plastic",51-4030,Summary,0.7,0.2,0.2,0.6,0.2,0.3,-0.1,-8.2,938.0,3.0,https://data.bls.gov/projections/nationalMatrix?queryParams=3250A1&ioType=i
3252,"Cutting, punching, and press machine setters, operators, and tenders, metal and plastic",51-4031,Line Item,0.5,0.1,0.3,0.4,0.1,0.3,0.0,-7.7,939.0,4.0,https://data.bls.gov/projections/nationalMatrix?queryParams=3250A1&ioType=i
3252,"Milling and planing machine setters, operators, and tenders, metal and plastic",51-4035,Line Item,0.1,0.0,0.4,0.1,0.0,0.4,0.0,-12.9,943.0,4.0,https://data.bls.gov/projections/nationalMatrix?queryParams=3250A1&ioType=i
3252,Machinists,51-4041,Line Item,0.8,0.2,0.3,0.8,0.2,0.3,0.0,2.5,944.0,3.0,https://data.bls.gov/projections/nationalMatrix?queryParams=3250A1&ioType=i
3252,"Molders and molding machine setters, operators, and tenders, metal and plastic",51-4070,Summary,0.8,0.2,0.5,0.7,0.2,0.5,0.0,-2.6,951.0,3.0,https://data.bls.gov/projections/nationalMatrix?queryParams=3250A1&ioType=i
3252,"Molding, coremaking, and casting machine setters, operators, and tenders, metal and plastic",51-4072,Line Item,0.8,0.2,0.5,0.7,0.2,0.5,0.0,-2.6,953.0,4.0,https://data.bls.gov/projections/nationalMatrix?queryParams=3250A1&ioType=i
3252,Tool and die makers,51-4111,Line Item,0.1,0.0,0.2,0.1,0.0,0.3,0.0,2.5,955.0,3.0,https://data.bls.gov/projections/nationalMatrix?queryParams=3250A1&ioType=i
3252,"Welding, soldering, and brazing workers",51-4120,Summary,0.6,0.2,0.1,0.6,0.2,0.1,0.0,1.3,956.0,3.0,https://data.bls.gov/projections/nationalMatrix?queryParams=3250A1&ioType=i
3252,"Welders, cutters, solderers, and brazers",51-4121,Line Item,0.5,0.1,0.1,0.6,0.1,0.1,0.0,2.5,957.0,4.0,https://data.bls.gov/projections/nationalMatrix?queryParams=3250A1&ioType=i
3252,"Welding, soldering, and brazing machine setters, operators, and tenders",51-4122,Line Item,0.1,0.0,0.2,0.1,0.0,0.2,0.0,-7.7,958.0,4.0,https://data.bls.gov/projections/nationalMatrix?queryParams=3250A1&ioType=i
3252,Miscellaneous metal workers and plastic workers,51-4190,Summary,0.1,0.0,0.1,0.1,0.0,0.1,0.0,-7.7,959.0,3.0,https://data.bls.gov/projections/nationalMatrix?queryParams=3250A1&ioType=i
3252,"Textile, apparel, and furnishings workers",51-6000,Summary,6.5,1.8,1.2,6.6,1.8,1.3,0.2,2.5,969.0,2.0,https://data.bls.gov/projections/nationalMatrix?queryParams=3250A1&ioType=i
3252,"Textile machine setters, operators, and tenders",51-6060,Summary,1.6,0.4,3.1,1.6,0.4,3.5,0.0,2.5,979.0,3.0,https://data.bls.gov/projections/nationalMatrix?queryParams=3250A1&ioType=i
3252,"Textile winding, twisting, and drawing out machine setters, operators, and tenders",51-6064,Line Item,1.6,0.4,7.3,1.6,0.4,8.3,0.0,2.5,983.0,4.0,https://data.bls.gov/projections/nationalMatrix?queryParams=3250A1&ioType=i
3252,"Miscellaneous textile, apparel, and furnishings workers",51-6090,Summary,4.9,1.3,8.8,5.0,1.3,9.4,0.1,2.5,984.0,3.0,https://data.bls.gov/projections/nationalMatrix?queryParams=3250A1&ioType=i
3252,"Extruding and forming machine setters, operators, and tenders, synthetic and glass fibers",51-6091,Line Item,4.8,1.3,31.7,4.9,1.3,32.9,0.1,2.5,985.0,4.0,https://data.bls.gov/projections/nationalMatrix?queryParams=3250A1&ioType=i
3252,Plant and system operators,51-8000,Summary,15.1,4.1,5.1,14.2,3.8,5.0,-0.9,-5.9,999.0,2.0,https://data.bls.gov/projections/nationalMatrix?queryParams=3250A1&ioType=i
3252,Stationary engineers and boiler operators,51-8021,Line Item,0.5,0.1,1.6,0.6,0.1,1.6,0.0,2.5,1004.0,3.0,https://data.bls.gov/projections/nationalMatrix?queryParams=3250A1&ioType=i
3252,Water and wastewater treatment plant and system operators,51-8031,Line Item,0.3,0.1,0.3,0.3,0.1,0.3,0.0,-7.7,1005.0,3.0,https://data.bls.gov/projections/nationalMatrix?queryParams=3250A1&ioType=i
3252,Miscellaneous plant and system operators,51-8090,Summary,14.2,3.9,16.6,13.4,3.5,16.2,-0.9,-6.2,1006.0,3.0,https://data.bls.gov/projections/nationalMatrix?queryParams=3250A1&ioType=i
3252,Chemical plant and system operators,51-8091,Line Item,11.9,3.2,65.4,10.9,2.9,64.3,-0.9,-7.7,1007.0,4.0,https://data.bls.gov/projections/nationalMatrix?queryParams=3250A1&ioType=i
3252,Gas plant operators,51-8092,Line Item,0.2,0.1,1.2,0.2,0.0,1.2,0.0,-7.7,1008.0,4.0,https://data.bls.gov/projections/nationalMatrix?queryParams=3250A1&ioType=i
3252,"Petroleum pump system operators, refinery operators, and gaugers",51-8093,Line Item,0.8,0.2,2.3,0.8,0.2,2.4,0.0,2.5,1009.0,4.0,https://data.bls.gov/projections/nationalMatrix?queryParams=3250A1&ioType=i
3252,"Plant and system operators, all other",51-8099,Line Item,1.4,0.4,8.5,1.4,0.4,8.6,0.0,2.5,1010.0,4.0,https://data.bls.gov/projections/nationalMatrix?queryParams=3250A1&ioType=i
3252,Other production occupations,51-9000,Summary,104.6,28.4,4.0,105.7,28.1,4.1,1.1,1.0,1011.0,2.0,https://data.bls.gov/projections/nationalMatrix?queryParams=3250A1&ioType=i
3252,"Chemical processing machine setters, operators, and tenders",51-9010,Summary,69.1,18.7,37.7,70.5,18.7,38.1,1.4,2.1,1012.0,3.0,https://data.bls.gov/projections/nationalMatrix?queryParams=3250A1&ioType=i
3252,Chemical equipment operators and tenders,51-9011,Line Item,66.3,18.0,51.4,67.9,18.0,51.0,1.7,2.5,1013.0,4.0,https://data.bls.gov/projections/nationalMatrix?queryParams=3250A1&ioType=i
3252,"Separating, filtering, clarifying, precipitating, and still machine setters, operators, and tenders",51-9012,Line Item,2.8,0.8,5.2,2.6,0.7,5.0,-0.2,-7.7,1014.0,4.0,https://data.bls.gov/projections/nationalMatrix?queryParams=3250A1&ioType=i
3252,"Crushing, grinding, polishing, mixing, and blending workers",51-9020,Summary,11.1,3.0,7.8,10.2,2.7,7.8,-0.8,-7.6,1015.0,3.0,https://data.bls.gov/projections/nationalMatrix?queryParams=3250A1&ioType=i
3252,"Crushing, grinding, and polishing machine setters, operators, and tenders",51-9021,Line Item,0.4,0.1,1.3,0.4,0.1,1.3,0.0,-2.6,1016.0,4.0,https://data.bls.gov/projections/nationalMatrix?queryParams=3250A1&ioType=i
3252,"Mixing and blending machine setters, operators, and tenders",51-9023,Line Item,10.6,2.9,10.5,9.8,2.6,10.4,-0.8,-7.7,1018.0,4.0,https://data.bls.gov/projections/nationalMatrix?queryParams=3250A1&ioType=i
3252,Cutting workers,51-9030,Summary,0.3,0.1,0.6,0.3,0.1,0.6,0.0,0.4,1019.0,3.0,https://data.bls.gov/projections/nationalMatrix?queryParams=3250A1&ioType=i
3252,"Cutting and slicing machine setters, operators, and tenders",51-9032,Line Item,0.3,0.1,0.6,0.3,0.1,0.6,0.0,2.5,1021.0,4.0,https://data.bls.gov/projections/nationalMatrix?queryParams=3250A1&ioType=i
3252,"Extruding, forming, pressing, and compacting machine setters, operators, and tenders",51-9041,Line Item,0.6,0.2,1.1,0.6,0.2,1.1,0.0,2.5,1022.0,3.0,https://data.bls.gov/projections/nationalMatrix?queryParams=3250A1&ioType=i
3252,"Furnace, kiln, oven, drier, and kettle operators and tenders",51-9051,Line Item,0.3,0.1,1.9,0.3,0.1,1.8,0.0,2.5,1023.0,3.0,https://data.bls.gov/projections/nationalMatrix?queryParams=3250A1&ioType=i
3252,"Inspectors, testers, sorters, samplers, and weighers",51-9061,Line Item,8.2,2.2,1.4,8.4,2.2,1.4,0.2,2.5,1024.0,3.0,https://data.bls.gov/projections/nationalMatrix?queryParams=3250A1&ioType=i
3252,Packaging and filling machine operators and tenders,51-9111,Line Item,9.2,2.5,2.4,9.4,2.5,2.4,0.2,2.5,1030.0,3.0,https://data.bls.gov/projections/nationalMatrix?queryParams=3250A1&ioType=i
3252,Painting workers,51-9120,Summary,0.5,0.1,0.3,0.5,0.1,0.3,0.0,2.5,1031.0,3.0,https://data.bls.gov/projections/nationalMatrix?queryParams=3250A1&ioType=i
3252,"Coating, painting, and spraying machine setters, operators, and tenders",51-9124,Line Item,0.5,0.1,0.3,0.5,0.1,0.3,0.0,2.5,1033.0,4.0,https://data.bls.gov/projections/nationalMatrix?queryParams=3250A1&ioType=i
3252,Computer numerically controlled tool operators and programmers,51-9160,Summary,0.2,0.1,0.1,0.2,0.1,0.1,0.0,-0.3,1036.0,3.0,https://data.bls.gov/projections/nationalMatrix?queryParams=3250A1&ioType=i
3252,Computer numerically controlled tool operators,51-9161,Line Item,0.2,0.0,0.1,0.2,0.0,0.1,0.0,-7.7,1037.0,4.0,https://data.bls.gov/projections/nationalMatrix?queryParams=3250A1&ioType=i
3252,Computer numerically controlled tool programmers,51-9162,Line Item,0.1,0.0,0.3,0.1,0.0,0.3,0.0,15.8,1038.0,4.0,https://data.bls.gov/projections/nationalMatrix?queryParams=3250A1&ioType=i
3252,Miscellaneous production workers,51-9190,Summary,5.1,1.4,0.8,5.1,1.3,0.8,0.0,0.4,1039.0,3.0,https://data.bls.gov/projections/nationalMatrix?queryParams=3250A1&ioType=i
3252,"Cleaning, washing, and metal pickling equipment operators and tenders",51-9192,Line Item,0.1,0.0,0.4,0.1,0.0,0.4,0.0,2.5,1041.0,4.0,https://data.bls.gov/projections/nationalMatrix?queryParams=3250A1&ioType=i
3252,Helpers--production workers,51-9198,Line Item,1.0,0.3,0.6,1.0,0.3,0.6,-0.1,-7.7,1047.0,4.0,https://data.bls.gov/projections/nationalMatrix?queryParams=3250A1&ioType=i
3252,"Production workers, all other",51-9199,Line Item,3.6,1.0,1.2,3.6,1.0,1.2,0.1,2.5,1048.0,4.0,https://data.bls.gov/projections/nationalMatrix?queryParams=3250A1&ioType=i
3252,Transportation and material moving occupations,53-0000,Summary,28.0,7.6,0.2,28.6,7.6,0.2,0.7,2.3,1049.0,1.0,https://data.bls.gov/projections/nationalMatrix?queryParams=3250A1&ioType=i
3252,Supervisors of transportation and material moving workers,53-1000,Summary,1.5,0.4,0.2,1.6,0.4,0.2,0.0,2.5,1050.0,2.0,https://data.bls.gov/projections/nationalMatrix?queryParams=3250A1&ioType=i
3252,"First-line supervisors of transportation and material moving workers, except aircraft cargo handling supervisors",53-1047,Line Item,1.5,0.4,0.2,1.6,0.4,0.2,0.0,2.5,1052.0,3.0,https://data.bls.gov/projections/nationalMatrix?queryParams=3250A1&ioType=i
3252,Motor vehicle operators,53-3000,Summary,8.8,2.4,0.2,9.0,2.4,0.2,0.2,2.5,1061.0,2.0,https://data.bls.gov/projections/nationalMatrix?queryParams=3250A1&ioType=i
3252,Driver/sales workers and truck drivers,53-3030,Summary,8.8,2.4,0.2,9.0,2.4,0.2,0.2,2.5,1063.0,3.0,https://data.bls.gov/projections/nationalMatrix?queryParams=3250A1&ioType=i
3252,Driver/sales workers,53-3031,Line Item,0.1,0.0,0.0,0.1,0.0,0.0,0.0,2.5,1064.0,4.0,https://data.bls.gov/projections/nationalMatrix?queryParams=3250A1&ioType=i
3252,Heavy and tractor-trailer truck drivers,53-3032,Line Item,8.0,2.2,0.4,8.2,2.2,0.4,0.2,2.5,1065.0,4.0,https://data.bls.gov/projections/nationalMatrix?queryParams=3250A1&ioType=i
3252,Light truck drivers,53-3033,Line Item,0.7,0.2,0.1,0.7,0.2,0.1,0.0,2.5,1066.0,4.0,https://data.bls.gov/projections/nationalMatrix?queryParams=3250A1&ioType=i
3252,Rail transportation workers,53-4000,Summary,0.1,0.0,0.1,0.1,0.0,0.1,0.0,2.5,1073.0,2.0,https://data.bls.gov/projections/nationalMatrix?queryParams=3250A1&ioType=i
3252,Locomotive engineers and operators,53-4010,Summary,0.1,0.0,0.2,0.1,0.0,0.2,0.0,2.5,1074.0,3.0,https://data.bls.gov/projections/nationalMatrix?queryParams=3250A1&ioType=i
3252,Other transportation workers,53-6000,Summary,0.1,0.0,0.0,0.1,0.0,0.0,0.0,2.5,1087.0,2.0,https://data.bls.gov/projections/nationalMatrix?queryParams=3250A1&ioType=i
3252,Material moving workers,53-7000,Summary,17.5,4.7,0.2,17.9,4.7,0.2,0.4,2.2,1097.0,2.0,https://data.bls.gov/projections/nationalMatrix?queryParams=3250A1&ioType=i
3252,Industrial truck and tractor operators,53-7051,Line Item,4.2,1.1,0.5,4.3,1.1,0.5,0.1,2.5,1102.0,3.0,https://data.bls.gov/projections/nationalMatrix?queryParams=3250A1&ioType=i
3252,Laborers and material movers,53-7060,Summary,12.3,3.3,0.2,12.6,3.3,0.2,0.3,2.1,1103.0,3.0,https://data.bls.gov/projections/nationalMatrix?queryParams=3250A1&ioType=i
3252,Cleaners of vehicles and equipment,53-7061,Line Item,0.2,0.0,0.0,0.2,0.0,0.0,0.0,2.5,1104.0,4.0,https://data.bls.gov/projections/nationalMatrix?queryParams=3250A1&ioType=i
3252,"Laborers and freight, stock, and material movers, hand",53-7062,Line Item,7.9,2.2,0.3,8.1,2.2,0.3,0.2,2.5,1105.0,4.0,https://data.bls.gov/projections/nationalMatrix?queryParams=3250A1&ioType=i
3252,Machine feeders and offbearers,53-7063,Line Item,0.3,0.1,0.6,0.3,0.1,0.6,0.0,-12.9,1106.0,4.0,https://data.bls.gov/projections/nationalMatrix?queryParams=3250A1&ioType=i
3252,"Packers and packagers, hand",53-7064,Line Item,1.7,0.5,0.3,1.7,0.5,0.3,0.0,2.5,1107.0,4.0,https://data.bls.gov/projections/nationalMatrix?queryParams=3250A1&ioType=i
3252,Stockers and order fillers,53-7065,Line Item,2.2,0.6,0.1,2.3,0.6,0.1,0.1,2.5,1108.0,4.0,https://data.bls.gov/projections/nationalMatrix?queryParams=3250A1&ioType=i
3252,Pumping station operators,53-7070,Summary,0.2,0.1,0.6,0.2,0.1,0.6,0.0,2.5,1109.0,3.0,https://data.bls.gov/projections/nationalMatrix?queryParams=3250A1&ioType=i
3252,"Pump operators, except wellhead pumpers",53-7072,Line Item,0.1,0.0,0.9,0.1,0.0,0.9,0.0,2.5,1111.0,4.0,https://data.bls.gov/projections/nationalMatrix?queryParams=3250A1&ioType=i
3252,"Tank car, truck, and ship loaders",53-7121,Line Item,0.6,0.2,4.8,0.6,0.2,4.7,0.0,2.5,1114.0,3.0,https://data.bls.gov/projections/nationalMatrix?queryParams=3250A1&ioType=i
3252,"Material moving workers, all other",53-7199,Line Item,0.1,0.0,0.4,0.1,0.0,0.4,0.0,2.5,1115.0,3.0,https://data.bls.gov/projections/nationalMatrix?queryParams=3250A1&ioType=i
